,name,overall_runs,overall_innings,overall_balls,strike_rate,overall_notout,overall_average,zeros,thirties,fifties,centries,home_innings,home_runs,home_not_out_count,home_average,total_home_ball_faced,home_strike_rate,home_zeros,home_30s,home_50s,home_100s,form_innings,form_runs,recent_zeros,recent_30s,recent_50s,recent_100s,recent_not_outs,form_average,total_recent_ball_faced,form_strike_rate,away_innings,away_runs,away_not_out_count,away_average,total_away_ball_faced,away_strike_rate,away_zeros,away_30s,away_50s,away_100s
0,JE Root,106,4,96,110.41666666666669,1,35.333333333333336,1,1,1,0,1.0,47.0,0.0,47.0,43.0,109.30232558139537,0.0,1.0,0.0,0.0,4.0,106.0,1.0,1.0,1.0,0.0,1.0,35.333333333333336,96.0,110.41666666666669,3.0,59.0,1.0,29.5,53.0,111.32075471698113,1.0,0.0,1.0,0.0
1,MJ Swepson,12,1,5,240.0,1,inf,0,0,0,0,1.0,12.0,1.0,0.0,5.0,240.0,0.0,0.0,0.0,0.0,1.0,12.0,0.0,0.0,0.0,0.0,1.0,0.0,5.0,240.0,0.0,0.0,0.0,0.0,0.0,0.0,0.0,0.0,0.0,0.0
2,KJ Coetzer,351,13,287,122.29965156794424,0,27.0,1,2,3,0,0.0,0.0,0.0,0.0,0.0,0.0,0.0,0.0,0.0,0.0,10.0,273.0,1.0,2.0,2.0,0.0,0.0,27.3,231.0,118.1818181818182,13.0,351.0,0.0,27.0,287.0,122.29965156794424,1.0,2.0,3.0,0.0
3,Mehran Khan,38,4,34,111.76470588235294,0,9.5,1,0,0,0,0.0,0.0,0.0,0.0,0.0,0.0,0.0,0.0,0.0,0.0,4.0,38.0,1.0,0.0,0.0,0.0,0.0,9.5,34.0,111.76470588235294,4.0,38.0,0.0,9.5,34.0,111.76470588235294,1.0,0.0,0.0,0.0
4,Soumya Sarkar,233,12,165,141.21212121212122,3,25.88888888888889,2,2,2,0,4.0,86.0,2.0,43.0,58.0,148.27586206896552,1.0,0.0,1.0,0.0,10.0,229.0,1.0,2.0,2.0,0.0,3.0,32.714285714285715,157.0,145.85987261146497,8.0,147.0,1.0,21.0,107.0,137.38317757009347,1.0,2.0,1.0,0.0
5,E Chigumbura,70,4,57,122.80701754385963,0,17.5,0,0,0,0,0.0,0.0,0.0,0.0,0.0,0.0,0.0,0.0,0.0,0.0,4.0,70.0,0.0,0.0,0.0,0.0,0.0,17.5,57.0,122.80701754385963,4.0,70.0,0.0,17.5,57.0,122.80701754385963,0.0,0.0,0.0,0.0
6,E Lewis,352,14,256,137.5,1,27.07692307692308,2,3,2,0,7.0,166.0,1.0,27.66666666666667,106.0,156.6037735849057,0.0,1.0,1.0,0.0,10.0,274.0,0.0,3.0,1.0,0.0,1.0,30.444444444444446,196.0,139.79591836734693,7.0,186.0,0.0,26.57142857142857,150.0,124.0,2.0,2.0,1.0,0.0
7,H Klaasen,156,10,124,125.80645161290323,3,22.285714285714285,1,0,1,0,7.0,127.0,2.0,25.4,104.0,122.1153846153846,0.0,0.0,1.0,0.0,10.0,156.0,1.0,0.0,1.0,0.0,3.0,22.285714285714285,124.0,125.80645161290323,3.0,29.0,1.0,14.5,20.0,145.0,1.0,0.0,0.0,0.0
8,Shaiman Anwar,183,5,112,163.39285714285714,1,45.75,0,1,2,0,5.0,183.0,1.0,45.75,112.0,163.39285714285714,0.0,1.0,2.0,0.0,5.0,183.0,0.0,1.0,2.0,0.0,1.0,45.75,112.0,163.39285714285714,0.0,0.0,0.0,0.0,0.0,0.0,0.0,0.0,0.0,0.0
9,SJ Myburgh,83,4,94,88.29787234042553,0,20.75,1,1,0,0,2.0,25.0,0.0,12.5,28.0,89.2857142857143,1.0,0.0,0.0,0.0,4.0,83.0,1.0,1.0,0.0,0.0,0.0,20.75,94.0,88.29787234042553,2.0,58.0,0.0,29.0,66.0,87.87878787878788,0.0,1.0,0.0,0.0
10,MJ Santner,165,19,136,121.32352941176471,9,16.5,2,1,0,0,15.0,125.0,7.0,15.625,109.0,114.6788990825688,1.0,1.0,0.0,0.0,10.0,82.0,1.0,1.0,0.0,0.0,4.0,13.666666666666664,69.0,118.84057971014492,4.0,40.0,2.0,20.0,27.0,148.14814814814815,1.0,0.0,0.0,0.0
11,BE Hendricks,3,2,7,42.857142857142854,0,1.5,1,0,0,0,2.0,3.0,0.0,1.5,7.0,42.857142857142854,1.0,0.0,0.0,0.0,2.0,3.0,1.0,0.0,0.0,0.0,0.0,1.5,7.0,42.857142857142854,0.0,0.0,0.0,0.0,0.0,0.0,0.0,0.0,0.0,0.0
12,JL Denly,85,6,72,118.05555555555556,2,21.25,0,1,0,0,2.0,49.0,2.0,0.0,31.0,158.06451612903226,0.0,0.0,0.0,0.0,6.0,85.0,0.0,1.0,0.0,0.0,2.0,21.25,72.0,118.05555555555556,4.0,36.0,0.0,9.0,41.0,87.8048780487805,0.0,1.0,0.0,0.0
13,Asghar Stanikzai,310,14,265,116.98113207547169,1,23.84615384615385,2,3,1,0,0.0,0.0,0.0,0.0,0.0,0.0,0.0,0.0,0.0,0.0,10.0,231.0,2.0,2.0,1.0,0.0,1.0,25.66666666666667,183.0,126.22950819672131,14.0,310.0,1.0,23.84615384615385,265.0,116.98113207547169,2.0,3.0,1.0,0.0
14,A Zampa,13,1,8,162.5,1,inf,0,0,0,0,0.0,0.0,0.0,0.0,0.0,0.0,0.0,0.0,0.0,0.0,1.0,13.0,0.0,0.0,0.0,0.0,1.0,0.0,8.0,162.5,1.0,13.0,1.0,0.0,8.0,162.5,0.0,0.0,0.0,0.0
15,CA Young,17,4,22,77.27272727272727,2,8.5,0,0,0,0,0.0,0.0,0.0,0.0,0.0,0.0,0.0,0.0,0.0,0.0,4.0,17.0,0.0,0.0,0.0,0.0,2.0,8.5,22.0,77.27272727272727,4.0,17.0,2.0,8.5,22.0,77.27272727272727,0.0,0.0,0.0,0.0
16,C de Grandhomme,309,14,224,137.94642857142858,0,22.071428571428577,2,2,3,0,11.0,206.0,0.0,18.727272727272727,143.0,144.05594405594402,1.0,1.0,2.0,0.0,10.0,182.0,2.0,0.0,2.0,0.0,0.0,18.2,141.0,129.07801418439718,3.0,103.0,0.0,34.333333333333336,81.0,127.1604938271605,1.0,1.0,1.0,0.0
17,JJ Atkinson,107,4,90,118.88888888888887,2,53.5,0,1,1,0,0.0,0.0,0.0,0.0,0.0,0.0,0.0,0.0,0.0,0.0,4.0,107.0,0.0,1.0,1.0,0.0,2.0,53.5,90.0,118.88888888888887,4.0,107.0,2.0,53.5,90.0,118.88888888888887,0.0,1.0,1.0,0.0
18,B Regmi,2,2,5,40.0,1,2.0,0,0,0,0,0.0,0.0,0.0,0.0,0.0,0.0,0.0,0.0,0.0,0.0,2.0,2.0,0.0,0.0,0.0,0.0,1.0,2.0,5.0,40.0,2.0,2.0,1.0,2.0,5.0,40.0,0.0,0.0,0.0,0.0
19,RG Sharma,627,21,455,137.8021978021978,0,29.857142857142854,0,1,7,0,12.0,307.0,0.0,25.58333333333333,213.0,144.13145539906102,0.0,0.0,3.0,0.0,10.0,325.0,0.0,0.0,4.0,0.0,0.0,32.5,220.0,147.72727272727272,9.0,320.0,0.0,35.555555555555564,242.0,132.2314049586777,0.0,1.0,4.0,0.0
20,HH Pandya,203,10,146,139.04109589041096,2,25.375,0,2,0,0,5.0,100.0,1.0,25.0,79.0,126.58227848101265,0.0,1.0,0.0,0.0,10.0,203.0,0.0,2.0,0.0,0.0,2.0,25.375,146.0,139.04109589041096,5.0,103.0,1.0,25.75,67.0,153.7313432835821,0.0,1.0,0.0,0.0
21,Imad Wasim,162,14,119,136.13445378151258,4,16.2,1,1,0,0,4.0,63.0,0.0,15.75,46.0,136.95652173913044,0.0,1.0,0.0,0.0,10.0,115.0,1.0,1.0,0.0,0.0,3.0,16.428571428571427,88.0,130.6818181818182,10.0,99.0,4.0,16.5,73.0,135.6164383561644,1.0,0.0,0.0,0.0
22,DJ Malan,753,19,552,136.41304347826087,5,53.78571428571429,0,2,6,1,6.0,213.0,2.0,53.25,165.0,129.0909090909091,0.0,1.0,2.0,0.0,10.0,384.0,0.0,1.0,3.0,0.0,2.0,48.0,297.0,129.2929292929293,13.0,540.0,3.0,54.0,387.0,139.53488372093022,0.0,1.0,4.0,1.0
23,Fakhar Zaman,132,13,123,107.3170731707317,0,10.153846153846152,2,1,0,0,5.0,51.0,0.0,10.2,53.0,96.22641509433964,1.0,0.0,0.0,0.0,10.0,97.0,2.0,1.0,0.0,0.0,0.0,9.7,92.0,105.43478260869566,8.0,81.0,0.0,10.125,70.0,115.71428571428572,1.0,1.0,0.0,0.0
24,HG Munsey,520,14,329,158.0547112462006,1,40.0,0,3,3,1,0.0,0.0,0.0,0.0,0.0,0.0,0.0,0.0,0.0,0.0,10.0,295.0,0.0,2.0,2.0,0.0,0.0,29.5,221.0,133.4841628959276,14.0,520.0,1.0,40.0,329.0,158.0547112462006,0.0,3.0,3.0,1.0
25,DM de Silva,116,6,110,105.45454545454544,1,23.2,0,0,1,0,0.0,0.0,0.0,0.0,0.0,0.0,0.0,0.0,0.0,0.0,6.0,116.0,0.0,0.0,1.0,0.0,1.0,23.2,110.0,105.45454545454544,6.0,116.0,1.0,23.2,110.0,105.45454545454544,0.0,0.0,1.0,0.0
26,JP Duminy,76,3,41,185.3658536585366,2,76.0,0,2,0,0,3.0,76.0,2.0,76.0,41.0,185.3658536585366,0.0,2.0,0.0,0.0,3.0,76.0,0.0,2.0,0.0,0.0,2.0,76.0,41.0,185.3658536585366,0.0,0.0,0.0,0.0,0.0,0.0,0.0,0.0,0.0,0.0
27,Hussain Talat,121,6,106,114.15094339622641,0,20.166666666666668,0,1,1,0,3.0,23.0,0.0,7.666666666666668,25.0,92.0,0.0,0.0,0.0,0.0,6.0,121.0,0.0,1.0,1.0,0.0,0.0,20.166666666666668,106.0,114.15094339622641,3.0,98.0,0.0,32.666666666666664,81.0,120.98765432098766,0.0,1.0,1.0,0.0
28,AA Obanda,29,5,43,67.44186046511628,0,5.8,2,0,0,0,0.0,0.0,0.0,0.0,0.0,0.0,0.0,0.0,0.0,0.0,5.0,29.0,2.0,0.0,0.0,0.0,0.0,5.8,43.0,67.44186046511628,5.0,29.0,0.0,5.8,43.0,67.44186046511628,2.0,0.0,0.0,0.0
29,T van der Gugten,51,2,30,170.0,1,51.0,0,1,0,0,0.0,0.0,0.0,0.0,0.0,0.0,0.0,0.0,0.0,0.0,2.0,51.0,0.0,1.0,0.0,0.0,1.0,51.0,30.0,170.0,2.0,51.0,1.0,51.0,30.0,170.0,0.0,1.0,0.0,0.0
30,Q de Kock,429,12,277,154.87364620938632,1,39.0,0,4,4,0,10.0,298.0,0.0,29.8,185.0,161.0810810810811,0.0,4.0,2.0,0.0,10.0,364.0,0.0,4.0,3.0,0.0,1.0,40.444444444444436,223.0,163.22869955156955,2.0,131.0,1.0,131.0,92.0,142.3913043478261,0.0,0.0,2.0,0.0
31,HE van der Dussen,473,15,363,130.3030303030303,3,39.41666666666666,1,7,2,0,14.0,472.0,3.0,42.90909090909091,361.0,130.74792243767314,1.0,7.0,2.0,0.0,10.0,289.0,0.0,4.0,1.0,0.0,3.0,41.285714285714285,219.0,131.9634703196347,1.0,1.0,0.0,1.0,2.0,50.0,0.0,0.0,0.0,0.0
32,Saqib Zulfiqar,32,2,33,96.96969696969695,1,32.0,0,0,0,0,2.0,32.0,1.0,32.0,33.0,96.96969696969695,0.0,0.0,0.0,0.0,2.0,32.0,0.0,0.0,0.0,0.0,1.0,32.0,33.0,96.96969696969695,0.0,0.0,0.0,0.0,0.0,0.0,0.0,0.0,0.0,0.0
33,AR Nurse,13,1,10,130.0,1,inf,0,0,0,0,1.0,13.0,1.0,0.0,10.0,130.0,0.0,0.0,0.0,0.0,1.0,13.0,0.0,0.0,0.0,0.0,1.0,0.0,10.0,130.0,0.0,0.0,0.0,0.0,0.0,0.0,0.0,0.0,0.0,0.0
34,Shafiul Islam,4,1,6,66.66666666666667,0,4.0,0,0,0,0,0.0,0.0,0.0,0.0,0.0,0.0,0.0,0.0,0.0,0.0,1.0,4.0,0.0,0.0,0.0,0.0,0.0,4.0,6.0,66.66666666666667,1.0,4.0,0.0,4.0,6.0,66.66666666666667,0.0,0.0,0.0,0.0
35,Babar Azam,699,19,510,137.05882352941177,3,43.6875,2,2,8,0,10.0,291.0,1.0,32.333333333333336,220.0,132.27272727272728,2.0,1.0,3.0,0.0,10.0,331.0,2.0,1.0,4.0,0.0,1.0,36.77777777777778,239.0,138.49372384937237,9.0,408.0,2.0,58.28571428571429,290.0,140.68965517241378,0.0,1.0,5.0,0.0
36,SC Williams,364,19,266,136.8421052631579,3,22.75,2,1,3,0,0.0,0.0,0.0,0.0,0.0,0.0,0.0,0.0,0.0,0.0,10.0,236.0,0.0,0.0,2.0,0.0,1.0,26.222222222222218,173.0,136.41618497109826,19.0,364.0,3.0,22.75,266.0,136.8421052631579,2.0,1.0,3.0,0.0
37,Sharafuddin Ashraf,9,3,12,75.0,1,4.5,1,0,0,0,0.0,0.0,0.0,0.0,0.0,0.0,0.0,0.0,0.0,0.0,3.0,9.0,1.0,0.0,0.0,0.0,1.0,4.5,12.0,75.0,3.0,9.0,1.0,4.5,12.0,75.0,1.0,0.0,0.0,0.0
38,CJ Dala,5,1,7,71.42857142857143,0,5.0,0,0,0,0,1.0,5.0,0.0,5.0,7.0,71.42857142857143,0.0,0.0,0.0,0.0,1.0,5.0,0.0,0.0,0.0,0.0,0.0,5.0,7.0,71.42857142857143,0.0,0.0,0.0,0.0,0.0,0.0,0.0,0.0,0.0,0.0
39,PHKD Mendis,42,3,33,127.27272727272728,0,14.0,1,1,0,0,0.0,0.0,0.0,0.0,0.0,0.0,0.0,0.0,0.0,0.0,3.0,42.0,1.0,1.0,0.0,0.0,0.0,14.0,33.0,127.27272727272728,3.0,42.0,0.0,14.0,33.0,127.27272727272728,1.0,1.0,0.0,0.0
40,MS Dhoni,130,5,118,110.16949152542372,2,43.33333333333334,0,2,0,0,2.0,69.0,1.0,69.0,64.0,107.8125,0.0,1.0,0.0,0.0,5.0,130.0,0.0,2.0,0.0,0.0,2.0,43.33333333333334,118.0,110.16949152542372,3.0,61.0,1.0,30.5,54.0,112.96296296296295,0.0,1.0,0.0,0.0
41,Sufyan Mehmood,6,1,9,66.66666666666667,0,6.0,0,0,0,0,0.0,0.0,0.0,0.0,0.0,0.0,0.0,0.0,0.0,0.0,1.0,6.0,0.0,0.0,0.0,0.0,0.0,6.0,9.0,66.66666666666667,1.0,6.0,0.0,6.0,9.0,66.66666666666667,0.0,0.0,0.0,0.0
42,SPD Smith,363,12,272,133.45588235294122,3,40.333333333333336,0,3,2,0,5.0,175.0,1.0,43.75,135.0,129.62962962962962,0.0,1.0,1.0,0.0,10.0,297.0,0.0,3.0,1.0,0.0,2.0,37.125,226.0,131.41592920353986,7.0,188.0,2.0,37.6,137.0,137.2262773722628,0.0,2.0,1.0,0.0
43,BKG Mendis,151,10,151,100.0,1,16.77777777777778,3,0,1,0,4.0,116.0,0.0,29.0,96.0,120.83333333333331,1.0,0.0,1.0,0.0,10.0,151.0,3.0,0.0,1.0,0.0,1.0,16.77777777777778,151.0,100.0,6.0,35.0,1.0,7.0,55.0,63.63636363636363,2.0,0.0,0.0,0.0
44,Shafiqullah,58,4,42,138.0952380952381,1,19.33333333333333,0,0,0,0,0.0,0.0,0.0,0.0,0.0,0.0,0.0,0.0,0.0,0.0,4.0,58.0,0.0,0.0,0.0,0.0,1.0,19.33333333333333,42.0,138.0952380952381,4.0,58.0,1.0,19.33333333333333,42.0,138.0952380952381,0.0,0.0,0.0,0.0
45,Rameez Shahzad,198,10,189,104.76190476190477,2,24.75,1,2,1,0,9.0,149.0,2.0,21.285714285714285,147.0,101.36054421768708,1.0,1.0,1.0,0.0,10.0,198.0,1.0,2.0,1.0,0.0,2.0,24.75,189.0,104.76190476190477,1.0,49.0,0.0,49.0,42.0,116.66666666666669,0.0,1.0,0.0,0.0
46,SA Abbott,12,1,8,150.0,1,inf,0,0,0,0,1.0,12.0,1.0,0.0,8.0,150.0,0.0,0.0,0.0,0.0,1.0,12.0,0.0,0.0,0.0,0.0,1.0,0.0,8.0,150.0,0.0,0.0,0.0,0.0,0.0,0.0,0.0,0.0,0.0,0.0
47,Ashfaq Ahmed,128,9,109,117.43119266055048,0,14.222222222222221,1,0,1,0,7.0,28.0,0.0,4.0,33.0,84.84848484848484,1.0,0.0,0.0,0.0,9.0,128.0,1.0,0.0,1.0,0.0,0.0,14.222222222222221,109.0,117.43119266055048,2.0,100.0,0.0,50.0,76.0,131.57894736842104,0.0,0.0,1.0,0.0
48,GJ Maxwell,435,14,272,159.92647058823533,1,33.46153846153846,0,0,4,1,4.0,140.0,0.0,35.0,83.0,168.67469879518072,0.0,0.0,2.0,0.0,10.0,203.0,0.0,0.0,2.0,0.0,0.0,20.3,139.0,146.0431654676259,10.0,295.0,1.0,32.77777777777778,189.0,156.08465608465607,0.0,0.0,2.0,1.0
49,GH O'Brien,18,3,24,75.0,1,9.0,0,0,0,0,0.0,0.0,0.0,0.0,0.0,0.0,0.0,0.0,0.0,0.0,3.0,18.0,0.0,0.0,0.0,0.0,1.0,9.0,24.0,75.0,3.0,18.0,1.0,9.0,24.0,75.0,0.0,0.0,0.0,0.0
50,Sompal Kami,113,11,101,111.88118811881188,4,16.142857142857142,1,0,0,0,0.0,0.0,0.0,0.0,0.0,0.0,0.0,0.0,0.0,0.0,10.0,86.0,1.0,0.0,0.0,0.0,4.0,14.333333333333336,81.0,106.17283950617285,11.0,113.0,4.0,16.142857142857142,101.0,111.88118811881188,1.0,0.0,0.0,0.0
51,FJ Klaassen,31,5,32,96.875,0,6.2,1,0,0,0,1.0,13.0,0.0,13.0,16.0,81.25,0.0,0.0,0.0,0.0,5.0,31.0,1.0,0.0,0.0,0.0,0.0,6.2,32.0,96.875,4.0,18.0,0.0,4.5,16.0,112.5,1.0,0.0,0.0,0.0
52,B Bhandari,266,14,225,118.22222222222223,4,26.6,0,1,2,0,2.0,31.0,0.0,15.5,29.0,106.89655172413794,0.0,0.0,0.0,0.0,10.0,178.0,0.0,1.0,1.0,0.0,2.0,22.25,168.0,105.95238095238096,12.0,235.0,4.0,29.375,196.0,119.89795918367346,0.0,1.0,2.0,0.0
53,Ahmed Raza,56,7,57,98.24561403508771,2,11.2,1,0,0,0,5.0,53.0,2.0,17.666666666666668,50.0,106.0,0.0,0.0,0.0,0.0,7.0,56.0,1.0,0.0,0.0,0.0,2.0,11.2,57.0,98.24561403508771,2.0,3.0,0.0,1.5,7.0,42.857142857142854,1.0,0.0,0.0,0.0
54,SL Malinga,58,10,63,92.06349206349206,3,8.285714285714286,3,0,0,0,2.0,14.0,1.0,14.0,19.0,73.6842105263158,0.0,0.0,0.0,0.0,10.0,58.0,3.0,0.0,0.0,0.0,3.0,8.285714285714286,63.0,92.06349206349206,8.0,44.0,2.0,7.333333333333332,44.0,100.0,3.0,0.0,0.0,0.0
55,PM Seelaar,307,18,272,112.86764705882355,5,23.615384615384613,0,1,1,0,4.0,89.0,2.0,44.5,74.0,120.27027027027029,0.0,1.0,0.0,0.0,10.0,106.0,0.0,0.0,0.0,0.0,2.0,13.25,124.0,85.48387096774194,14.0,218.0,3.0,19.818181818181817,198.0,110.10101010101009,0.0,0.0,1.0,0.0
56,RR Hendricks,421,14,348,120.97701149425288,2,35.083333333333336,0,1,4,0,9.0,289.0,2.0,41.285714285714285,231.0,125.10822510822511,0.0,0.0,3.0,0.0,10.0,306.0,0.0,1.0,3.0,0.0,0.0,30.6,266.0,115.03759398496241,5.0,132.0,0.0,26.4,117.0,112.8205128205128,0.0,1.0,1.0,0.0
57,S Dhawan,441,18,407,108.35380835380836,1,25.94117647058824,0,6,2,0,9.0,269.0,1.0,33.625,257.0,104.6692607003891,0.0,5.0,1.0,0.0,10.0,296.0,0.0,4.0,2.0,0.0,1.0,32.888888888888886,263.0,112.5475285171103,9.0,172.0,0.0,19.11111111111111,150.0,114.66666666666669,0.0,1.0,1.0,0.0
58,TP Visee,376,18,254,148.03149606299215,2,23.5,2,1,3,0,2.0,6.0,0.0,3.0,8.0,75.0,0.0,0.0,0.0,0.0,10.0,150.0,0.0,0.0,1.0,0.0,2.0,18.75,113.0,132.7433628318584,16.0,370.0,2.0,26.42857142857143,246.0,150.40650406504062,2.0,1.0,3.0,0.0
59,DJ Bravo,15,4,31,48.387096774193544,1,5.0,1,0,0,0,4.0,15.0,1.0,5.0,31.0,48.387096774193544,1.0,0.0,0.0,0.0,4.0,15.0,1.0,0.0,0.0,0.0,1.0,5.0,31.0,48.387096774193544,0.0,0.0,0.0,0.0,0.0,0.0,0.0,0.0,0.0,0.0
60,KS Williamson,381,13,269,141.635687732342,1,31.75,1,1,4,0,12.0,328.0,1.0,29.818181818181817,233.0,140.77253218884118,1.0,1.0,3.0,0.0,10.0,300.0,1.0,0.0,4.0,0.0,1.0,33.333333333333336,209.0,143.54066985645932,1.0,53.0,0.0,53.0,36.0,147.22222222222226,0.0,0.0,1.0,0.0
61,GJ Thompson,32,1,30,106.66666666666669,0,32.0,0,1,0,0,1.0,32.0,0.0,32.0,30.0,106.66666666666669,0.0,1.0,0.0,0.0,1.0,32.0,0.0,1.0,0.0,0.0,0.0,32.0,30.0,106.66666666666669,0.0,0.0,0.0,0.0,0.0,0.0,0.0,0.0,0.0,0.0
62,BJ McCarthy,18,3,16,112.5,1,9.0,2,0,0,0,0.0,0.0,0.0,0.0,0.0,0.0,0.0,0.0,0.0,0.0,3.0,18.0,2.0,0.0,0.0,0.0,1.0,9.0,16.0,112.5,3.0,18.0,1.0,9.0,16.0,112.5,2.0,0.0,0.0,0.0
63,Sikandar Raza,138,10,124,111.29032258064517,1,15.333333333333336,0,1,0,0,0.0,0.0,0.0,0.0,0.0,0.0,0.0,0.0,0.0,0.0,10.0,138.0,0.0,1.0,0.0,0.0,1.0,15.333333333333336,124.0,111.29032258064517,10.0,138.0,1.0,15.333333333333336,124.0,111.29032258064517,0.0,1.0,0.0,0.0
64,SS Iyer,467,20,333,140.24024024024024,6,33.357142857142854,1,4,3,0,13.0,302.0,3.0,30.2,210.0,143.80952380952382,0.0,2.0,2.0,0.0,10.0,228.0,1.0,3.0,1.0,0.0,3.0,32.57142857142857,177.0,128.8135593220339,7.0,165.0,3.0,41.25,123.0,134.14634146341464,1.0,2.0,1.0,0.0
65,T Maruma,14,3,27,51.85185185185186,1,7.0,0,0,0,0,0.0,0.0,0.0,0.0,0.0,0.0,0.0,0.0,0.0,0.0,3.0,14.0,0.0,0.0,0.0,0.0,1.0,7.0,27.0,51.85185185185186,3.0,14.0,1.0,7.0,27.0,51.85185185185186,0.0,0.0,0.0,0.0
66,Rizwan Cheema,79,7,62,127.41935483870968,1,13.166666666666664,2,0,0,0,0.0,0.0,0.0,0.0,0.0,0.0,0.0,0.0,0.0,0.0,7.0,79.0,2.0,0.0,0.0,0.0,1.0,13.166666666666664,62.0,127.41935483870968,7.0,79.0,1.0,13.166666666666664,62.0,127.41935483870968,2.0,0.0,0.0,0.0
67,Hamza Tariq,74,9,61,121.31147540983606,2,10.571428571428571,2,1,0,0,0.0,0.0,0.0,0.0,0.0,0.0,0.0,0.0,0.0,0.0,9.0,74.0,2.0,1.0,0.0,0.0,2.0,10.571428571428571,61.0,121.31147540983606,9.0,74.0,2.0,10.571428571428571,61.0,121.31147540983606,2.0,1.0,0.0,0.0
68,KD Karthik,47,4,29,162.0689655172414,2,23.5,0,1,0,0,2.0,9.0,1.0,9.0,6.0,150.0,0.0,0.0,0.0,0.0,4.0,47.0,0.0,1.0,0.0,0.0,2.0,23.5,29.0,162.0689655172414,2.0,38.0,1.0,38.0,23.0,165.2173913043478,0.0,1.0,0.0,0.0
69,JO Holder,121,10,100,121.0,3,17.285714285714285,1,0,0,0,6.0,70.0,2.0,17.5,72.0,97.22222222222223,1.0,0.0,0.0,0.0,10.0,121.0,1.0,0.0,0.0,0.0,3.0,17.285714285714285,100.0,121.0,4.0,51.0,1.0,17.0,28.0,182.14285714285717,0.0,0.0,0.0,0.0
70,AV Lalcheta,14,2,19,73.6842105263158,0,7.0,0,0,0,0,0.0,0.0,0.0,0.0,0.0,0.0,0.0,0.0,0.0,0.0,2.0,14.0,0.0,0.0,0.0,0.0,0.0,7.0,19.0,73.6842105263158,2.0,14.0,0.0,7.0,19.0,73.6842105263158,0.0,0.0,0.0,0.0
71,L Ngidi,1,2,6,16.666666666666668,0,0.5,1,0,0,0,2.0,1.0,0.0,0.5,6.0,16.666666666666668,1.0,0.0,0.0,0.0,2.0,1.0,1.0,0.0,0.0,0.0,0.0,0.5,6.0,16.666666666666668,0.0,0.0,0.0,0.0,0.0,0.0,0.0,0.0,0.0,0.0
72,SHA Rance,8,1,17,47.058823529411775,0,8.0,0,0,0,0,0.0,0.0,0.0,0.0,0.0,0.0,0.0,0.0,0.0,0.0,1.0,8.0,0.0,0.0,0.0,0.0,0.0,8.0,17.0,47.058823529411775,1.0,8.0,0.0,8.0,17.0,47.058823529411775,0.0,0.0,0.0,0.0
73,MP O'Dowd,586,22,511,114.67710371819959,1,27.904761904761905,0,5,4,0,4.0,118.0,0.0,29.5,90.0,131.11111111111111,0.0,1.0,1.0,0.0,10.0,228.0,0.0,1.0,2.0,0.0,0.0,22.8,223.0,102.24215246636773,18.0,468.0,1.0,27.529411764705888,421.0,111.16389548693589,0.0,4.0,3.0,0.0
74,Aqib Ilyas,266,12,243,109.46502057613169,3,29.555555555555557,1,3,1,0,0.0,0.0,0.0,0.0,0.0,0.0,0.0,0.0,0.0,0.0,10.0,201.0,1.0,2.0,1.0,0.0,3.0,28.714285714285715,183.0,109.8360655737705,12.0,266.0,3.0,29.555555555555557,243.0,109.46502057613169,1.0,3.0,1.0,0.0
75,BA Stokes,210,8,148,141.8918918918919,1,30.0,0,3,0,0,0.0,0.0,0.0,0.0,0.0,0.0,0.0,0.0,0.0,0.0,8.0,210.0,0.0,3.0,0.0,0.0,1.0,30.0,148.0,141.8918918918919,8.0,210.0,1.0,30.0,148.0,141.8918918918919,0.0,3.0,0.0,0.0
76,A Dananjaya,27,6,31,87.09677419354837,2,6.75,2,0,0,0,2.0,0.0,0.0,0.0,4.0,0.0,2.0,0.0,0.0,0.0,6.0,27.0,2.0,0.0,0.0,0.0,2.0,6.75,31.0,87.09677419354837,4.0,27.0,2.0,13.5,27.0,100.0,0.0,0.0,0.0,0.0
77,XM Marshall,87,7,113,76.99115044247787,0,12.428571428571427,1,1,0,0,0.0,0.0,0.0,0.0,0.0,0.0,0.0,0.0,0.0,0.0,7.0,87.0,1.0,1.0,0.0,0.0,0.0,12.428571428571427,113.0,76.99115044247787,7.0,87.0,0.0,12.428571428571427,113.0,76.99115044247787,1.0,1.0,0.0,0.0
78,T Shamsi,4,3,9,44.444444444444436,3,inf,1,0,0,0,3.0,4.0,3.0,0.0,9.0,44.444444444444436,1.0,0.0,0.0,0.0,3.0,4.0,1.0,0.0,0.0,0.0,3.0,0.0,9.0,44.444444444444436,0.0,0.0,0.0,0.0,0.0,0.0,0.0,0.0,0.0,0.0
79,Mohammad Naveed,12,4,19,63.157894736842096,0,3.0,1,0,0,0,4.0,12.0,0.0,3.0,19.0,63.157894736842096,1.0,0.0,0.0,0.0,4.0,12.0,1.0,0.0,0.0,0.0,0.0,3.0,19.0,63.157894736842096,0.0,0.0,0.0,0.0,0.0,0.0,0.0,0.0,0.0,0.0
80,YS Chahal,2,3,9,22.222222222222218,1,1.0,1,0,0,0,1.0,0.0,1.0,0.0,4.0,0.0,1.0,0.0,0.0,0.0,3.0,2.0,1.0,0.0,0.0,0.0,1.0,1.0,9.0,22.222222222222218,2.0,2.0,0.0,1.0,5.0,40.0,0.0,0.0,0.0,0.0
81,Mushfiqur Rahim,144,8,117,123.07692307692308,1,20.571428571428573,2,1,1,0,5.0,80.0,0.0,16.0,65.0,123.07692307692308,1.0,1.0,0.0,0.0,8.0,144.0,2.0,1.0,1.0,0.0,1.0,20.571428571428573,117.0,123.07692307692308,3.0,64.0,1.0,32.0,52.0,123.07692307692308,1.0,0.0,1.0,0.0
82,BFW de Leede,50,3,56,89.2857142857143,0,16.666666666666668,0,1,0,0,1.0,1.0,0.0,1.0,2.0,50.0,0.0,0.0,0.0,0.0,3.0,50.0,0.0,1.0,0.0,0.0,0.0,16.666666666666668,56.0,89.2857142857143,2.0,49.0,0.0,24.5,54.0,90.74074074074076,0.0,1.0,0.0,0.0
83,DJM Short,127,5,118,107.6271186440678,1,31.75,0,3,0,0,3.0,50.0,0.0,16.666666666666668,51.0,98.0392156862745,0.0,1.0,0.0,0.0,5.0,127.0,0.0,3.0,0.0,0.0,1.0,31.75,118.0,107.6271186440678,2.0,77.0,1.0,77.0,67.0,114.92537313432837,0.0,2.0,0.0,0.0
84,CH Morris,56,2,31,180.64516129032262,1,56.0,0,0,1,0,2.0,56.0,1.0,56.0,31.0,180.64516129032262,0.0,0.0,1.0,0.0,2.0,56.0,0.0,0.0,1.0,0.0,1.0,56.0,31.0,180.64516129032262,0.0,0.0,0.0,0.0,0.0,0.0,0.0,0.0,0.0,0.0
85,GC Wilson,142,13,153,92.81045751633988,1,11.833333333333336,0,1,0,0,3.0,68.0,0.0,22.66666666666667,70.0,97.14285714285714,0.0,1.0,0.0,0.0,10.0,74.0,0.0,0.0,0.0,0.0,1.0,8.222222222222221,83.0,89.1566265060241,10.0,74.0,1.0,8.222222222222221,83.0,89.1566265060241,0.0,0.0,0.0,0.0
86,Waqas Barkat,202,15,211,95.73459715639812,1,14.428571428571427,2,2,0,0,0.0,0.0,0.0,0.0,0.0,0.0,0.0,0.0,0.0,0.0,10.0,121.0,2.0,1.0,0.0,0.0,1.0,13.444444444444445,104.0,116.34615384615385,15.0,202.0,1.0,14.428571428571427,211.0,95.73459715639812,2.0,2.0,0.0,0.0
87,Mahedi Hasan,21,4,23,91.30434782608695,1,7.0,2,0,0,0,0.0,0.0,0.0,0.0,0.0,0.0,0.0,0.0,0.0,0.0,4.0,21.0,2.0,0.0,0.0,0.0,1.0,7.0,23.0,91.30434782608695,4.0,21.0,1.0,7.0,23.0,91.30434782608695,2.0,0.0,0.0,0.0
88,Bilal Khan,13,4,25,52.0,3,13.0,0,0,0,0,0.0,0.0,0.0,0.0,0.0,0.0,0.0,0.0,0.0,0.0,4.0,13.0,0.0,0.0,0.0,0.0,3.0,13.0,25.0,52.0,4.0,13.0,3.0,13.0,25.0,52.0,0.0,0.0,0.0,0.0
89,HM Nicholls,4,1,7,57.14285714285714,0,4.0,0,0,0,0,1.0,4.0,0.0,4.0,7.0,57.14285714285714,0.0,0.0,0.0,0.0,1.0,4.0,0.0,0.0,0.0,0.0,0.0,4.0,7.0,57.14285714285714,0.0,0.0,0.0,0.0,0.0,0.0,0.0,0.0,0.0,0.0
90,Rashid Khan,63,10,49,128.57142857142858,6,15.75,2,0,0,0,0.0,0.0,0.0,0.0,0.0,0.0,0.0,0.0,0.0,0.0,10.0,63.0,2.0,0.0,0.0,0.0,6.0,15.75,49.0,128.57142857142858,10.0,63.0,6.0,15.75,49.0,128.57142857142858,2.0,0.0,0.0,0.0
91,G Malla,365,13,280,130.35714285714286,0,28.07692307692308,0,2,1,1,3.0,148.0,0.0,49.33333333333334,97.0,152.5773195876289,0.0,0.0,0.0,1.0,10.0,340.0,0.0,2.0,1.0,1.0,0.0,34.0,248.0,137.09677419354838,10.0,217.0,0.0,21.7,183.0,118.5792349726776,0.0,2.0,1.0,0.0
92,CO Obuya,171,8,177,96.61016949152544,0,21.375,0,1,1,0,0.0,0.0,0.0,0.0,0.0,0.0,0.0,0.0,0.0,0.0,8.0,171.0,0.0,1.0,1.0,0.0,0.0,21.375,177.0,96.61016949152544,8.0,171.0,0.0,21.375,177.0,96.61016949152544,0.0,1.0,1.0,0.0
93,TC Bruce,53,3,52,101.92307692307692,2,53.0,2,0,1,0,2.0,0.0,1.0,0.0,6.0,0.0,2.0,0.0,0.0,0.0,3.0,53.0,2.0,0.0,1.0,0.0,2.0,53.0,52.0,101.92307692307692,1.0,53.0,1.0,0.0,46.0,115.21739130434784,0.0,0.0,1.0,0.0
94,MM Ali,157,9,94,167.0212765957447,2,22.428571428571423,0,1,1,0,6.0,108.0,1.0,21.6,75.0,144.0,0.0,0.0,1.0,0.0,9.0,157.0,0.0,1.0,1.0,0.0,2.0,22.428571428571423,94.0,167.0212765957447,3.0,49.0,1.0,24.5,19.0,257.8947368421053,0.0,1.0,0.0,0.0
95,A Vala,285,10,235,121.27659574468085,2,35.625,0,2,2,0,2.0,88.0,1.0,88.0,61.0,144.26229508196718,0.0,0.0,1.0,0.0,10.0,285.0,0.0,2.0,2.0,0.0,2.0,35.625,235.0,121.27659574468085,8.0,197.0,1.0,28.142857142857146,174.0,113.2183908045977,0.0,2.0,1.0,0.0
96,S Samarawickrama,12,2,14,85.71428571428571,0,6.0,1,0,0,0,0.0,0.0,0.0,0.0,0.0,0.0,0.0,0.0,0.0,0.0,2.0,12.0,1.0,0.0,0.0,0.0,0.0,6.0,14.0,85.71428571428571,2.0,12.0,0.0,6.0,14.0,85.71428571428571,1.0,0.0,0.0,0.0
97,BN Cooper,600,19,484,123.96694214876032,4,40.0,1,5,5,0,4.0,127.0,0.0,31.75,89.0,142.69662921348313,0.0,1.0,1.0,0.0,10.0,311.0,1.0,4.0,2.0,0.0,1.0,34.55555555555556,274.0,113.50364963503651,15.0,473.0,4.0,43.0,395.0,119.74683544303798,1.0,4.0,4.0,0.0
98,Sabbir Rahman,40,3,46,86.95652173913044,0,13.333333333333336,0,0,0,0,3.0,40.0,0.0,13.333333333333336,46.0,86.95652173913044,0.0,0.0,0.0,0.0,3.0,40.0,0.0,0.0,0.0,0.0,0.0,13.333333333333336,46.0,86.95652173913044,0.0,0.0,0.0,0.0,0.0,0.0,0.0,0.0,0.0,0.0
99,RJ Trott,30,6,55,54.54545454545455,3,10.0,2,0,0,0,1.0,5.0,1.0,0.0,7.0,71.42857142857143,0.0,0.0,0.0,0.0,6.0,30.0,2.0,0.0,0.0,0.0,3.0,10.0,55.0,54.54545454545455,5.0,25.0,2.0,8.333333333333334,48.0,52.08333333333334,2.0,0.0,0.0,0.0
100,R Powell,123,7,98,125.51020408163264,1,20.5,1,1,1,0,2.0,39.0,1.0,39.0,28.0,139.28571428571428,0.0,1.0,0.0,0.0,7.0,123.0,1.0,1.0,1.0,0.0,1.0,20.5,98.0,125.51020408163264,5.0,84.0,0.0,16.8,70.0,120.0,1.0,0.0,1.0,0.0
101,Shakib Al Hasan,96,4,72,133.33333333333334,1,32.0,0,0,1,0,4.0,96.0,1.0,32.0,72.0,133.33333333333334,0.0,0.0,1.0,0.0,4.0,96.0,0.0,0.0,1.0,0.0,1.0,32.0,72.0,133.33333333333334,0.0,0.0,0.0,0.0,0.0,0.0,0.0,0.0,0.0,0.0
102,WP Masakadza,11,1,8,137.5,0,11.0,0,0,0,0,0.0,0.0,0.0,0.0,0.0,0.0,0.0,0.0,0.0,0.0,1.0,11.0,0.0,0.0,0.0,0.0,0.0,11.0,8.0,137.5,1.0,11.0,0.0,11.0,8.0,137.5,0.0,0.0,0.0,0.0
103,Wahab Riaz,28,3,16,175.0,1,14.0,0,0,0,0,2.0,19.0,1.0,19.0,11.0,172.72727272727272,0.0,0.0,0.0,0.0,3.0,28.0,0.0,0.0,0.0,0.0,1.0,14.0,16.0,175.0,1.0,9.0,0.0,9.0,5.0,180.0,0.0,0.0,0.0,0.0
104,Mustafizur Rahman,16,2,10,160.0,0,8.0,0,0,0,0,1.0,15.0,0.0,15.0,7.0,214.28571428571428,0.0,0.0,0.0,0.0,2.0,16.0,0.0,0.0,0.0,0.0,0.0,8.0,10.0,160.0,1.0,1.0,0.0,1.0,3.0,33.333333333333336,0.0,0.0,0.0,0.0
105,LRPL Taylor,442,17,364,121.42857142857143,3,31.57142857142857,2,4,2,0,15.0,394.0,3.0,32.833333333333336,334.0,117.96407185628742,1.0,3.0,2.0,0.0,10.0,238.0,1.0,0.0,2.0,0.0,1.0,26.444444444444446,200.0,119.0,2.0,48.0,0.0,24.0,30.0,160.0,1.0,1.0,0.0,0.0
106,Mohammad Hafeez,415,8,279,148.74551971326161,3,83.0,1,2,4,0,3.0,120.0,1.0,60.0,101.0,118.81188118811882,0.0,1.0,1.0,0.0,8.0,415.0,1.0,2.0,4.0,0.0,3.0,83.0,279.0,148.74551971326161,5.0,295.0,2.0,98.33333333333331,178.0,165.7303370786517,1.0,1.0,3.0,0.0
107,Shahid Wasif,210,12,204,102.94117647058823,2,21.0,1,1,1,0,0.0,0.0,0.0,0.0,0.0,0.0,0.0,0.0,0.0,0.0,10.0,188.0,0.0,1.0,1.0,0.0,1.0,20.88888888888889,181.0,103.86740331491713,12.0,210.0,2.0,21.0,204.0,102.94117647058823,1.0,1.0,1.0,0.0
108,PJ Moor,126,5,99,127.27272727272728,1,31.5,0,0,1,0,0.0,0.0,0.0,0.0,0.0,0.0,0.0,0.0,0.0,0.0,5.0,126.0,0.0,0.0,1.0,0.0,1.0,31.5,99.0,127.27272727272728,5.0,126.0,1.0,31.5,99.0,127.27272727272728,0.0,0.0,1.0,0.0
109,S Bau,194,8,196,98.9795918367347,2,32.333333333333336,0,3,0,0,1.0,33.0,0.0,33.0,27.0,122.22222222222223,0.0,1.0,0.0,0.0,8.0,194.0,0.0,3.0,0.0,0.0,2.0,32.333333333333336,196.0,98.9795918367347,7.0,161.0,2.0,32.2,169.0,95.26627218934912,0.0,2.0,0.0,0.0
110,KM Jarvis,45,4,37,121.62162162162164,2,22.5,0,0,0,0,0.0,0.0,0.0,0.0,0.0,0.0,0.0,0.0,0.0,0.0,4.0,45.0,0.0,0.0,0.0,0.0,2.0,22.5,37.0,121.62162162162164,4.0,45.0,2.0,22.5,37.0,121.62162162162164,0.0,0.0,0.0,0.0
111,SO Ngoche,52,6,51,101.9607843137255,1,10.4,0,0,0,0,0.0,0.0,0.0,0.0,0.0,0.0,0.0,0.0,0.0,0.0,6.0,52.0,0.0,0.0,0.0,0.0,1.0,10.4,51.0,101.9607843137255,6.0,52.0,1.0,10.4,51.0,101.9607843137255,0.0,0.0,0.0,0.0
112,GH Dockrell,142,15,100,142.0,10,28.4,1,1,0,0,1.0,1.0,1.0,0.0,1.0,100.0,0.0,0.0,0.0,0.0,10.0,63.0,0.0,0.0,0.0,0.0,8.0,31.5,47.0,134.04255319148936,14.0,141.0,9.0,28.2,99.0,142.42424242424244,1.0,1.0,0.0,0.0
113,RAS Lakmal,0,1,3,0.0,0,0.0,1,0,0,0,0.0,0.0,0.0,0.0,0.0,0.0,0.0,0.0,0.0,0.0,1.0,0.0,1.0,0.0,0.0,0.0,0.0,0.0,3.0,0.0,1.0,0.0,0.0,0.0,3.0,0.0,1.0,0.0,0.0,0.0
114,TA Boult,14,2,15,93.33333333333331,1,14.0,0,0,0,0,2.0,14.0,1.0,14.0,15.0,93.33333333333331,0.0,0.0,0.0,0.0,2.0,14.0,0.0,0.0,0.0,0.0,1.0,14.0,15.0,93.33333333333331,0.0,0.0,0.0,0.0,0.0,0.0,0.0,0.0,0.0,0.0
115,KJ O'Brien,834,27,554,150.54151624548737,0,30.88888888888889,0,9,2,1,4.0,88.0,0.0,22.0,56.0,157.14285714285714,0.0,1.0,0.0,0.0,10.0,250.0,0.0,4.0,0.0,0.0,0.0,25.0,178.0,140.4494382022472,23.0,746.0,0.0,32.43478260869565,498.0,149.7991967871486,0.0,8.0,2.0,1.0
116,Mohammad Nabi,382,15,247,154.65587044534414,2,29.384615384615387,0,3,2,0,0.0,0.0,0.0,0.0,0.0,0.0,0.0,0.0,0.0,0.0,10.0,113.0,0.0,1.0,0.0,0.0,0.0,11.3,90.0,125.55555555555556,15.0,382.0,2.0,29.384615384615387,247.0,154.65587044534414,0.0,3.0,2.0,0.0
117,L Tucker,77,9,80,96.25,0,8.555555555555555,1,0,0,0,3.0,19.0,0.0,6.333333333333332,21.0,90.4761904761905,1.0,0.0,0.0,0.0,9.0,77.0,1.0,0.0,0.0,0.0,0.0,8.555555555555555,80.0,96.25,6.0,58.0,0.0,9.666666666666666,59.0,98.30508474576271,0.0,0.0,0.0,0.0
118,Liton Das,255,14,210,121.42857142857143,2,21.25,2,1,2,0,6.0,180.0,1.0,36.0,137.0,131.38686131386862,1.0,1.0,2.0,0.0,10.0,194.0,1.0,0.0,2.0,0.0,2.0,24.25,161.0,120.4968944099379,8.0,75.0,1.0,10.714285714285714,73.0,102.73972602739723,1.0,0.0,0.0,0.0
119,AT Carey,51,5,53,96.22641509433964,0,10.2,0,0,0,0,0.0,0.0,0.0,0.0,0.0,0.0,0.0,0.0,0.0,0.0,5.0,51.0,0.0,0.0,0.0,0.0,0.0,10.2,53.0,96.22641509433964,5.0,51.0,0.0,10.2,53.0,96.22641509433964,0.0,0.0,0.0,0.0
120,KW Richardson,7,2,8,87.5,1,7.0,0,0,0,0,0.0,0.0,0.0,0.0,0.0,0.0,0.0,0.0,0.0,0.0,2.0,7.0,0.0,0.0,0.0,0.0,1.0,7.0,8.0,87.5,2.0,7.0,1.0,7.0,8.0,87.5,0.0,0.0,0.0,0.0
121,NM Odhiambo,15,3,22,68.18181818181819,0,5.0,1,0,0,0,0.0,0.0,0.0,0.0,0.0,0.0,0.0,0.0,0.0,0.0,3.0,15.0,1.0,0.0,0.0,0.0,0.0,5.0,22.0,68.18181818181819,3.0,15.0,0.0,5.0,22.0,68.18181818181819,1.0,0.0,0.0,0.0
122,SW Billings,182,11,141,129.07801418439718,4,26.0,1,0,1,0,4.0,43.0,1.0,14.333333333333336,38.0,113.15789473684212,0.0,0.0,0.0,0.0,10.0,164.0,1.0,0.0,1.0,0.0,4.0,27.33333333333333,122.0,134.42622950819668,7.0,139.0,3.0,34.75,103.0,134.95145631067962,1.0,0.0,1.0,0.0
123,Naseem Khushi,63,5,42,150.0,2,21.0,1,0,0,0,0.0,0.0,0.0,0.0,0.0,0.0,0.0,0.0,0.0,0.0,5.0,63.0,1.0,0.0,0.0,0.0,2.0,21.0,42.0,150.0,5.0,63.0,2.0,21.0,42.0,150.0,1.0,0.0,0.0,0.0
124,J Little,22,5,22,100.0,1,5.5,1,0,0,0,0.0,0.0,0.0,0.0,0.0,0.0,0.0,0.0,0.0,0.0,5.0,22.0,1.0,0.0,0.0,0.0,1.0,5.5,22.0,100.0,5.0,22.0,1.0,5.5,22.0,100.0,1.0,0.0,0.0,0.0
125,CJ Jordan,102,10,69,147.82608695652175,4,17.0,0,1,0,0,4.0,21.0,2.0,10.5,21.0,100.0,0.0,0.0,0.0,0.0,10.0,102.0,0.0,1.0,0.0,0.0,4.0,17.0,69.0,147.82608695652175,6.0,81.0,2.0,20.25,48.0,168.75,0.0,1.0,0.0,0.0
126,IS Sodhi,26,4,21,123.8095238095238,2,13.0,1,0,0,0,4.0,26.0,2.0,13.0,21.0,123.8095238095238,1.0,0.0,0.0,0.0,4.0,26.0,1.0,0.0,0.0,0.0,2.0,13.0,21.0,123.8095238095238,0.0,0.0,0.0,0.0,0.0,0.0,0.0,0.0,0.0,0.0
127,DA Miller,372,15,263,141.4448669201521,6,41.333333333333336,0,2,2,0,11.0,238.0,4.0,34.0,171.0,139.18128654970758,0.0,2.0,1.0,0.0,10.0,234.0,0.0,1.0,1.0,0.0,4.0,39.0,178.0,131.46067415730334,4.0,134.0,2.0,67.0,92.0,145.65217391304347,0.0,0.0,1.0,0.0
128,V Shankar,84,3,57,147.3684210526316,0,28.0,0,1,0,0,0.0,0.0,0.0,0.0,0.0,0.0,0.0,0.0,0.0,0.0,3.0,84.0,0.0,1.0,0.0,0.0,0.0,28.0,57.0,147.3684210526316,3.0,84.0,0.0,28.0,57.0,147.3684210526316,0.0,1.0,0.0,0.0
129,Mohammad Amir,15,4,16,93.75,2,7.5,1,0,0,0,2.0,6.0,1.0,6.0,5.0,120.0,0.0,0.0,0.0,0.0,4.0,15.0,1.0,0.0,0.0,0.0,2.0,7.5,16.0,93.75,2.0,9.0,1.0,9.0,11.0,81.81818181818181,1.0,0.0,0.0,0.0
130,CB Mpofu,19,3,13,146.15384615384616,2,19.0,1,0,0,0,0.0,0.0,0.0,0.0,0.0,0.0,0.0,0.0,0.0,0.0,3.0,19.0,1.0,0.0,0.0,0.0,2.0,19.0,13.0,146.15384615384616,3.0,19.0,2.0,19.0,13.0,146.15384615384616,1.0,0.0,0.0,0.0
131,MDKJ Perera,270,11,221,122.17194570135747,0,24.54545454545455,0,1,2,0,5.0,106.0,0.0,21.2,88.0,120.45454545454544,0.0,0.0,1.0,0.0,10.0,247.0,0.0,1.0,2.0,0.0,0.0,24.7,208.0,118.75,6.0,164.0,0.0,27.33333333333333,133.0,123.30827067669172,0.0,1.0,1.0,0.0
132,Mohammad Rizwan,404,14,318,127.04402515723272,5,44.88888888888889,2,2,2,1,5.0,202.0,3.0,101.0,146.0,138.35616438356166,1.0,1.0,1.0,1.0,10.0,344.0,2.0,1.0,2.0,1.0,3.0,49.14285714285714,260.0,132.30769230769232,9.0,202.0,2.0,28.857142857142854,172.0,117.44186046511628,1.0,1.0,1.0,0.0
133,SD Hope,65,4,65,100.0,0,16.25,1,0,1,0,3.0,13.0,0.0,4.333333333333333,18.0,72.22222222222223,1.0,0.0,0.0,0.0,4.0,65.0,1.0,0.0,1.0,0.0,0.0,16.25,65.0,100.0,1.0,52.0,0.0,52.0,47.0,110.63829787234043,0.0,0.0,1.0,0.0
134,ADS Fletcher,58,3,35,165.71428571428572,2,58.0,0,1,0,0,0.0,0.0,0.0,0.0,0.0,0.0,0.0,0.0,0.0,0.0,3.0,58.0,0.0,1.0,0.0,0.0,2.0,58.0,35.0,165.71428571428572,3.0,58.0,2.0,58.0,35.0,165.71428571428572,0.0,1.0,0.0,0.0
135,SV Samson,64,6,48,133.33333333333334,0,10.666666666666666,0,0,0,0,1.0,6.0,0.0,6.0,2.0,300.0,0.0,0.0,0.0,0.0,6.0,64.0,0.0,0.0,0.0,0.0,0.0,10.666666666666666,48.0,133.33333333333334,5.0,58.0,0.0,11.6,46.0,126.08695652173913,0.0,0.0,0.0,0.0
136,K Pierre,7,2,15,46.66666666666666,1,7.0,0,0,0,0,0.0,0.0,0.0,0.0,0.0,0.0,0.0,0.0,0.0,0.0,2.0,7.0,0.0,0.0,0.0,0.0,1.0,7.0,15.0,46.66666666666666,2.0,7.0,1.0,7.0,15.0,46.66666666666666,0.0,0.0,0.0,0.0
137,P Khadka,554,20,407,136.11793611793613,2,30.777777777777782,2,1,3,1,3.0,71.0,0.0,23.66666666666667,47.0,151.06382978723406,0.0,0.0,1.0,0.0,10.0,159.0,1.0,1.0,1.0,0.0,0.0,15.9,141.0,112.76595744680851,17.0,483.0,2.0,32.2,360.0,134.16666666666666,2.0,1.0,2.0,1.0
138,PS Airee,28,4,43,65.11627906976744,0,7.0,1,0,0,0,0.0,0.0,0.0,0.0,0.0,0.0,0.0,0.0,0.0,0.0,4.0,28.0,1.0,0.0,0.0,0.0,0.0,7.0,43.0,65.11627906976744,4.0,28.0,0.0,7.0,43.0,65.11627906976744,1.0,0.0,0.0,0.0
139,TP Ura,437,12,311,140.5144694533762,3,48.555555555555564,0,3,2,1,4.0,243.0,2.0,121.5,138.0,176.08695652173913,0.0,1.0,1.0,1.0,10.0,325.0,0.0,2.0,1.0,1.0,3.0,46.42857142857143,245.0,132.6530612244898,8.0,194.0,1.0,27.714285714285715,173.0,112.13872832369944,0.0,2.0,1.0,0.0
140,FA Allen,110,11,91,120.87912087912089,4,15.714285714285715,1,1,0,0,7.0,57.0,2.0,11.4,42.0,135.71428571428572,1.0,0.0,0.0,0.0,10.0,102.0,1.0,1.0,0.0,0.0,4.0,17.0,85.0,120.0,4.0,53.0,2.0,26.5,49.0,108.16326530612244,0.0,1.0,0.0,0.0
141,RW Chakabva,141,7,101,139.6039603960396,1,23.5,2,3,0,0,0.0,0.0,0.0,0.0,0.0,0.0,0.0,0.0,0.0,0.0,7.0,141.0,2.0,3.0,0.0,0.0,1.0,23.5,101.0,139.6039603960396,7.0,141.0,1.0,23.5,101.0,139.6039603960396,2.0,3.0,0.0,0.0
142,N Vanua,162,9,139,116.54676258992805,3,27.0,1,1,1,0,3.0,48.0,1.0,24.0,38.0,126.31578947368419,0.0,0.0,0.0,0.0,9.0,162.0,1.0,1.0,1.0,0.0,3.0,27.0,139.0,116.54676258992805,6.0,114.0,2.0,28.5,101.0,112.87128712871286,1.0,1.0,1.0,0.0
143,H Masakadza,146,8,129,113.1782945736434,0,18.25,1,1,1,0,0.0,0.0,0.0,0.0,0.0,0.0,0.0,0.0,0.0,0.0,8.0,146.0,1.0,1.0,1.0,0.0,0.0,18.25,129.0,113.1782945736434,8.0,146.0,0.0,18.25,129.0,113.1782945736434,1.0,1.0,1.0,0.0
144,Izatullah Dawlatzai,24,1,12,200.0,1,inf,0,0,0,0,0.0,0.0,0.0,0.0,0.0,0.0,0.0,0.0,0.0,0.0,1.0,24.0,0.0,0.0,0.0,0.0,1.0,0.0,12.0,200.0,1.0,24.0,1.0,0.0,12.0,200.0,0.0,0.0,0.0,0.0
145,SP Narine,8,3,23,34.78260869565217,0,2.6666666666666665,0,0,0,0,1.0,2.0,0.0,2.0,6.0,33.333333333333336,0.0,0.0,0.0,0.0,3.0,8.0,0.0,0.0,0.0,0.0,0.0,2.6666666666666665,23.0,34.78260869565217,2.0,6.0,0.0,3.0,17.0,35.29411764705883,0.0,0.0,0.0,0.0
146,Kaleemullah,9,1,6,150.0,0,9.0,0,0,0,0,0.0,0.0,0.0,0.0,0.0,0.0,0.0,0.0,0.0,0.0,1.0,9.0,0.0,0.0,0.0,0.0,0.0,9.0,6.0,150.0,1.0,9.0,0.0,9.0,6.0,150.0,0.0,0.0,0.0,0.0
147,MA Leask,75,7,59,127.1186440677966,0,10.714285714285714,1,1,0,0,0.0,0.0,0.0,0.0,0.0,0.0,0.0,0.0,0.0,0.0,7.0,75.0,1.0,1.0,0.0,0.0,0.0,10.714285714285714,59.0,127.1186440677966,7.0,75.0,0.0,10.714285714285714,59.0,127.1186440677966,1.0,1.0,0.0,0.0
148,JH Davey,28,3,20,140.0,2,28.0,0,0,0,0,0.0,0.0,0.0,0.0,0.0,0.0,0.0,0.0,0.0,0.0,3.0,28.0,0.0,0.0,0.0,0.0,2.0,28.0,20.0,140.0,3.0,28.0,2.0,28.0,20.0,140.0,0.0,0.0,0.0,0.0
149,JT Smuts,48,5,53,90.56603773584905,0,9.6,0,0,0,0,3.0,40.0,0.0,13.333333333333336,39.0,102.56410256410255,0.0,0.0,0.0,0.0,5.0,48.0,0.0,0.0,0.0,0.0,0.0,9.6,53.0,90.56603773584905,2.0,8.0,0.0,4.0,14.0,57.14285714285714,0.0,0.0,0.0,0.0
150,Asif Ali,101,10,103,98.05825242718448,1,11.222222222222221,0,0,0,0,4.0,43.0,0.0,10.75,50.0,86.0,0.0,0.0,0.0,0.0,10.0,101.0,0.0,0.0,0.0,0.0,1.0,11.222222222222221,103.0,98.05825242718448,6.0,58.0,1.0,11.6,53.0,109.43396226415095,0.0,0.0,0.0,0.0
151,Rohan Mustafa,244,14,224,108.92857142857143,0,17.428571428571427,1,3,0,0,10.0,171.0,0.0,17.1,161.0,106.21118012422359,1.0,2.0,0.0,0.0,10.0,165.0,1.0,2.0,0.0,0.0,0.0,16.5,137.0,120.43795620437956,4.0,73.0,0.0,18.25,63.0,115.87301587301589,0.0,1.0,0.0,0.0
152,Faheem Ashraf,118,10,86,137.2093023255814,1,13.111111111111109,0,2,0,0,4.0,52.0,1.0,17.333333333333332,34.0,152.94117647058823,0.0,1.0,0.0,0.0,10.0,118.0,0.0,2.0,0.0,0.0,1.0,13.111111111111109,86.0,137.2093023255814,6.0,66.0,0.0,11.0,52.0,126.92307692307692,0.0,1.0,0.0,0.0
153,RP Burl,319,15,268,119.02985074626864,5,31.9,0,4,1,0,0.0,0.0,0.0,0.0,0.0,0.0,0.0,0.0,0.0,0.0,10.0,197.0,0.0,4.0,0.0,0.0,4.0,32.833333333333336,181.0,108.83977900552486,15.0,319.0,5.0,31.9,268.0,119.02985074626864,0.0,4.0,1.0,0.0
154,TK Curran,46,7,43,106.97674418604653,4,15.333333333333336,0,0,0,0,3.0,16.0,2.0,16.0,18.0,88.8888888888889,0.0,0.0,0.0,0.0,7.0,46.0,0.0,0.0,0.0,0.0,4.0,15.333333333333336,43.0,106.97674418604653,4.0,30.0,2.0,15.0,25.0,120.0,0.0,0.0,0.0,0.0
155,Karan KC,175,13,119,147.05882352941177,3,17.5,1,2,0,0,1.0,40.0,1.0,0.0,18.0,222.22222222222226,0.0,1.0,0.0,0.0,10.0,141.0,1.0,2.0,0.0,0.0,3.0,20.142857142857142,84.0,167.85714285714286,12.0,135.0,2.0,13.5,101.0,133.66336633663366,1.0,1.0,0.0,0.0
156,SE Rutherford,41,3,30,136.66666666666666,0,13.666666666666664,0,0,0,0,1.0,26.0,0.0,26.0,13.0,200.0,0.0,0.0,0.0,0.0,3.0,41.0,0.0,0.0,0.0,0.0,0.0,13.666666666666664,30.0,136.66666666666666,2.0,15.0,0.0,7.5,17.0,88.23529411764706,0.0,0.0,0.0,0.0
157,GD Phillips,366,12,204,179.41176470588238,3,40.66666666666666,0,3,1,1,11.0,358.0,3.0,44.75,197.0,181.7258883248731,0.0,3.0,1.0,1.0,10.0,236.0,0.0,3.0,1.0,0.0,3.0,33.714285714285715,142.0,166.19718309859155,1.0,8.0,0.0,8.0,7.0,114.28571428571428,0.0,0.0,0.0,0.0
158,RA Jadeja,101,6,73,138.35616438356166,4,50.5,0,1,0,0,2.0,28.0,0.0,14.0,30.0,93.33333333333331,0.0,0.0,0.0,0.0,6.0,101.0,0.0,1.0,0.0,0.0,4.0,50.5,73.0,138.35616438356166,4.0,73.0,4.0,0.0,43.0,169.76744186046508,0.0,1.0,0.0,0.0
159,Rubel Hossain,3,1,6,50.0,1,inf,0,0,0,0,0.0,0.0,0.0,0.0,0.0,0.0,0.0,0.0,0.0,0.0,1.0,3.0,0.0,0.0,0.0,0.0,1.0,0.0,6.0,50.0,1.0,3.0,1.0,0.0,6.0,50.0,0.0,0.0,0.0,0.0
160,Hazratullah,396,12,276,143.47826086956522,1,36.0,1,3,0,1,0.0,0.0,0.0,0.0,0.0,0.0,0.0,0.0,0.0,0.0,10.0,223.0,1.0,3.0,0.0,0.0,0.0,22.3,194.0,114.94845360824742,12.0,396.0,1.0,36.0,276.0,143.47826086956522,1.0,3.0,0.0,1.0
161,Sarfraz Ahmed,67,3,62,108.06451612903227,0,22.33333333333333,0,0,0,0,3.0,67.0,0.0,22.33333333333333,62.0,108.06451612903227,0.0,0.0,0.0,0.0,3.0,67.0,0.0,0.0,0.0,0.0,0.0,22.33333333333333,62.0,108.06451612903227,0.0,0.0,0.0,0.0,0.0,0.0,0.0,0.0,0.0,0.0
162,S Lamichhane,19,7,26,73.07692307692308,2,3.8,2,0,0,0,0.0,0.0,0.0,0.0,0.0,0.0,0.0,0.0,0.0,0.0,7.0,19.0,2.0,0.0,0.0,0.0,2.0,3.8,26.0,73.07692307692308,7.0,19.0,2.0,3.8,26.0,73.07692307692308,2.0,0.0,0.0,0.0
163,DM Bravo,32,3,44,72.72727272727273,0,10.666666666666666,1,0,0,0,3.0,32.0,0.0,10.666666666666666,44.0,72.72727272727273,1.0,0.0,0.0,0.0,3.0,32.0,1.0,0.0,0.0,0.0,0.0,10.666666666666666,44.0,72.72727272727273,0.0,0.0,0.0,0.0,0.0,0.0,0.0,0.0,0.0,0.0
164,L Siaka,173,9,138,125.3623188405797,2,24.714285714285715,1,2,0,0,2.0,56.0,2.0,0.0,29.0,193.1034482758621,0.0,0.0,0.0,0.0,9.0,173.0,1.0,2.0,0.0,0.0,2.0,24.714285714285715,138.0,125.3623188405797,7.0,117.0,0.0,16.714285714285715,109.0,107.33944954128441,1.0,2.0,0.0,0.0
165,D Ramdin,55,3,54,101.85185185185185,2,55.0,0,0,0,0,0.0,0.0,0.0,0.0,0.0,0.0,0.0,0.0,0.0,0.0,3.0,55.0,0.0,0.0,0.0,0.0,2.0,55.0,54.0,101.85185185185185,3.0,55.0,2.0,55.0,54.0,101.85185185185185,0.0,0.0,0.0,0.0
166,DJ Willey,14,2,12,116.66666666666669,2,inf,0,0,0,0,0.0,0.0,0.0,0.0,0.0,0.0,0.0,0.0,0.0,0.0,2.0,14.0,0.0,0.0,0.0,0.0,2.0,0.0,12.0,116.66666666666669,2.0,14.0,2.0,0.0,12.0,116.66666666666669,0.0,0.0,0.0,0.0
167,Simi Singh,81,14,80,101.25,5,9.0,3,0,0,0,0.0,0.0,0.0,0.0,0.0,0.0,0.0,0.0,0.0,0.0,10.0,60.0,3.0,0.0,0.0,0.0,3.0,8.571428571428571,61.0,98.36065573770493,14.0,81.0,5.0,9.0,80.0,101.25,3.0,0.0,0.0,0.0
168,PVD Chameera,2,1,2,100.0,0,2.0,0,0,0,0,0.0,0.0,0.0,0.0,0.0,0.0,0.0,0.0,0.0,0.0,1.0,2.0,0.0,0.0,0.0,0.0,0.0,2.0,2.0,100.0,1.0,2.0,0.0,2.0,2.0,100.0,0.0,0.0,0.0,0.0
169,DA Warner,473,11,361,131.02493074792244,6,94.6,1,1,5,1,5.0,227.0,4.0,227.0,167.0,135.92814371257484,0.0,1.0,1.0,1.0,10.0,373.0,1.0,1.0,5.0,0.0,5.0,74.6,302.0,123.50993377483444,6.0,246.0,2.0,61.5,194.0,126.8041237113402,1.0,0.0,4.0,0.0
170,RR Patel,181,7,120,150.83333333333334,2,36.2,0,1,2,0,0.0,0.0,0.0,0.0,0.0,0.0,0.0,0.0,0.0,0.0,7.0,181.0,0.0,1.0,2.0,0.0,2.0,36.2,120.0,150.83333333333334,7.0,181.0,2.0,36.2,120.0,150.83333333333334,0.0,1.0,2.0,0.0
171,F du Plessis,264,8,203,130.04926108374383,1,37.714285714285715,0,0,3,0,8.0,264.0,1.0,37.714285714285715,203.0,130.04926108374383,0.0,0.0,3.0,0.0,8.0,264.0,0.0,0.0,3.0,0.0,1.0,37.714285714285715,203.0,130.04926108374383,0.0,0.0,0.0,0.0,0.0,0.0,0.0,0.0,0.0,0.0
172,MJ Guptill,668,25,448,149.10714285714286,0,26.72,1,9,3,0,23.0,560.0,0.0,24.347826086956523,385.0,145.45454545454547,1.0,9.0,2.0,0.0,10.0,358.0,1.0,3.0,2.0,0.0,0.0,35.8,230.0,155.65217391304347,2.0,108.0,0.0,54.0,63.0,171.42857142857142,0.0,0.0,1.0,0.0
173,SO Hetmyer,302,17,268,112.68656716417914,3,21.571428571428577,2,2,1,0,6.0,65.0,1.0,13.0,55.0,118.1818181818182,0.0,0.0,0.0,0.0,10.0,242.0,1.0,2.0,1.0,0.0,2.0,30.25,210.0,115.23809523809523,11.0,237.0,2.0,26.33333333333333,213.0,111.26760563380282,2.0,2.0,1.0,0.0
174,CR Brathwaite,29,5,46,63.04347826086956,0,5.8,2,0,0,0,4.0,20.0,0.0,5.0,22.0,90.9090909090909,2.0,0.0,0.0,0.0,5.0,29.0,2.0,0.0,0.0,0.0,0.0,5.8,46.0,63.04347826086956,1.0,9.0,0.0,9.0,24.0,37.5,0.0,0.0,0.0,0.0
175,S Snater,10,3,10,100.0,0,3.333333333333333,2,0,0,0,0.0,0.0,0.0,0.0,0.0,0.0,0.0,0.0,0.0,0.0,3.0,10.0,2.0,0.0,0.0,0.0,0.0,3.333333333333333,10.0,100.0,3.0,10.0,0.0,3.333333333333333,10.0,100.0,2.0,0.0,0.0,0.0
176,CAK Rajitha,5,2,12,41.66666666666666,0,2.5,1,0,0,0,0.0,0.0,0.0,0.0,0.0,0.0,0.0,0.0,0.0,0.0,2.0,5.0,1.0,0.0,0.0,0.0,0.0,2.5,12.0,41.66666666666666,2.0,5.0,0.0,2.5,12.0,41.66666666666666,1.0,0.0,0.0,0.0
177,MH Cross,204,11,171,119.29824561403507,3,25.5,2,1,2,0,0.0,0.0,0.0,0.0,0.0,0.0,0.0,0.0,0.0,0.0,10.0,199.0,2.0,1.0,2.0,0.0,3.0,28.42857142857143,160.0,124.375,11.0,204.0,3.0,25.5,171.0,119.29824561403507,2.0,1.0,2.0,0.0
178,Zeeshan Maqsood,135,9,136,99.26470588235294,3,22.5,0,0,1,0,0.0,0.0,0.0,0.0,0.0,0.0,0.0,0.0,0.0,0.0,9.0,135.0,0.0,0.0,1.0,0.0,3.0,22.5,136.0,99.26470588235294,9.0,135.0,3.0,22.5,136.0,99.26470588235294,0.0,0.0,1.0,0.0
179,RD Berrington,304,14,235,129.36170212765956,3,27.63636363636364,1,3,0,0,0.0,0.0,0.0,0.0,0.0,0.0,0.0,0.0,0.0,0.0,10.0,233.0,0.0,2.0,0.0,0.0,2.0,29.125,175.0,133.14285714285714,14.0,304.0,3.0,27.63636363636364,235.0,129.36170212765956,1.0,3.0,0.0,0.0
180,TK Musakanda,70,3,57,122.80701754385963,0,23.33333333333333,0,1,0,0,0.0,0.0,0.0,0.0,0.0,0.0,0.0,0.0,0.0,0.0,3.0,70.0,0.0,1.0,0.0,0.0,0.0,23.33333333333333,57.0,122.80701754385963,3.0,70.0,0.0,23.33333333333333,57.0,122.80701754385963,0.0,1.0,0.0,0.0
181,Abdul Shakoor,7,1,6,116.66666666666669,1,inf,0,0,0,0,1.0,7.0,1.0,0.0,6.0,116.66666666666669,0.0,0.0,0.0,0.0,1.0,7.0,0.0,0.0,0.0,0.0,1.0,0.0,6.0,116.66666666666669,0.0,0.0,0.0,0.0,0.0,0.0,0.0,0.0,0.0,0.0
182,I Udana,189,11,128,147.65625,4,27.0,0,1,1,0,4.0,33.0,1.0,11.0,20.0,165.0,0.0,0.0,0.0,0.0,10.0,177.0,0.0,1.0,1.0,0.0,3.0,25.285714285714285,121.0,146.28099173553719,7.0,156.0,3.0,39.0,108.0,144.44444444444446,0.0,1.0,1.0,0.0
183,Khurram Nawaz,132,9,114,115.7894736842105,2,18.857142857142858,0,0,1,0,0.0,0.0,0.0,0.0,0.0,0.0,0.0,0.0,0.0,0.0,9.0,132.0,0.0,0.0,1.0,0.0,2.0,18.857142857142858,114.0,115.7894736842105,9.0,132.0,2.0,18.857142857142858,114.0,115.7894736842105,0.0,0.0,1.0,0.0
184,Karim Janat,159,10,136,116.91176470588236,1,17.666666666666668,1,0,1,0,0.0,0.0,0.0,0.0,0.0,0.0,0.0,0.0,0.0,0.0,10.0,159.0,1.0,0.0,1.0,0.0,1.0,17.666666666666668,136.0,116.91176470588236,10.0,159.0,1.0,17.666666666666668,136.0,116.91176470588236,1.0,0.0,1.0,0.0
185,AC Agar,94,10,81,116.04938271604937,4,15.666666666666664,2,0,0,0,0.0,0.0,0.0,0.0,0.0,0.0,0.0,0.0,0.0,0.0,10.0,94.0,2.0,0.0,0.0,0.0,4.0,15.666666666666664,81.0,116.04938271604937,10.0,94.0,4.0,15.666666666666664,81.0,116.04938271604937,2.0,0.0,0.0,0.0
186,CT Mutombodzi,116,9,124,93.54838709677419,2,16.571428571428573,1,1,0,0,0.0,0.0,0.0,0.0,0.0,0.0,0.0,0.0,0.0,0.0,9.0,116.0,1.0,1.0,0.0,0.0,2.0,16.571428571428573,124.0,93.54838709677419,9.0,116.0,2.0,16.571428571428573,124.0,93.54838709677419,1.0,1.0,0.0,0.0
187,B Kumar,1,1,3,33.333333333333336,0,1.0,0,0,0,0,0.0,0.0,0.0,0.0,0.0,0.0,0.0,0.0,0.0,0.0,1.0,1.0,0.0,0.0,0.0,0.0,0.0,1.0,3.0,33.333333333333336,1.0,1.0,0.0,1.0,3.0,33.333333333333336,0.0,0.0,0.0,0.0
188,B Muzarabani,5,2,7,71.42857142857143,1,5.0,1,0,0,0,0.0,0.0,0.0,0.0,0.0,0.0,0.0,0.0,0.0,0.0,2.0,5.0,1.0,0.0,0.0,0.0,1.0,5.0,7.0,71.42857142857143,2.0,5.0,1.0,5.0,7.0,71.42857142857143,1.0,0.0,0.0,0.0
189,RE van der Merwe,243,13,193,125.90673575129534,6,34.714285714285715,3,0,2,0,2.0,87.0,1.0,87.0,51.0,170.58823529411762,0.0,0.0,1.0,0.0,10.0,156.0,2.0,0.0,1.0,0.0,5.0,31.2,141.0,110.63829787234043,11.0,156.0,5.0,26.0,142.0,109.85915492957749,3.0,0.0,1.0,0.0
190,Najeeb Tarakai,42,3,44,95.45454545454544,0,14.0,0,0,0,0,0.0,0.0,0.0,0.0,0.0,0.0,0.0,0.0,0.0,0.0,3.0,42.0,0.0,0.0,0.0,0.0,0.0,14.0,44.0,95.45454545454544,3.0,42.0,0.0,14.0,44.0,95.45454545454544,0.0,0.0,0.0,0.0
191,RN ten Doeschate,281,12,214,131.30841121495328,6,46.83333333333334,1,3,2,0,0.0,0.0,0.0,0.0,0.0,0.0,0.0,0.0,0.0,0.0,10.0,233.0,1.0,2.0,2.0,0.0,4.0,38.833333333333336,179.0,130.16759776536313,12.0,281.0,6.0,46.83333333333334,214.0,131.30841121495328,1.0,3.0,2.0,0.0
192,B Mavuta,10,2,9,111.11111111111113,1,10.0,1,0,0,0,0.0,0.0,0.0,0.0,0.0,0.0,0.0,0.0,0.0,0.0,2.0,10.0,1.0,0.0,0.0,0.0,1.0,10.0,9.0,111.11111111111113,2.0,10.0,1.0,10.0,9.0,111.11111111111113,1.0,0.0,0.0,0.0
193,SF Mire,4,1,4,100.0,0,4.0,0,0,0,0,0.0,0.0,0.0,0.0,0.0,0.0,0.0,0.0,0.0,0.0,1.0,4.0,0.0,0.0,0.0,0.0,0.0,4.0,4.0,100.0,1.0,4.0,0.0,4.0,4.0,100.0,0.0,0.0,0.0,0.0
194,AD Hales,39,3,26,150.0,0,13.0,0,0,0,0,0.0,0.0,0.0,0.0,0.0,0.0,0.0,0.0,0.0,0.0,3.0,39.0,0.0,0.0,0.0,0.0,0.0,13.0,26.0,150.0,3.0,39.0,0.0,13.0,26.0,150.0,0.0,0.0,0.0,0.0
195,N Pooran,244,16,232,105.17241379310344,2,17.428571428571427,2,1,1,0,9.0,145.0,1.0,18.125,143.0,101.3986013986014,1.0,0.0,1.0,0.0,10.0,118.0,2.0,1.0,0.0,0.0,2.0,14.75,95.0,124.2105263157895,7.0,99.0,1.0,16.5,89.0,111.23595505617979,1.0,1.0,0.0,0.0
196,Jatinder Singh,442,14,361,122.4376731301939,4,44.2,1,3,3,0,0.0,0.0,0.0,0.0,0.0,0.0,0.0,0.0,0.0,0.0,10.0,315.0,1.0,2.0,2.0,0.0,4.0,52.5,246.0,128.04878048780492,14.0,442.0,4.0,44.2,361.0,122.4376731301939,1.0,3.0,3.0,0.0
197,HD Rutherford,0,1,1,0.0,0,0.0,1,0,0,0,0.0,0.0,0.0,0.0,0.0,0.0,0.0,0.0,0.0,0.0,1.0,0.0,1.0,0.0,0.0,0.0,0.0,0.0,1.0,0.0,1.0,0.0,0.0,0.0,1.0,0.0,1.0,0.0,0.0,0.0
198,BRM Taylor,249,13,197,126.39593908629442,1,20.75,1,2,1,0,0.0,0.0,0.0,0.0,0.0,0.0,0.0,0.0,0.0,0.0,10.0,182.0,1.0,1.0,1.0,0.0,1.0,20.222222222222218,146.0,124.65753424657534,13.0,249.0,1.0,20.75,197.0,126.39593908629442,1.0,2.0,1.0,0.0
199,LMP Simmons,355,12,249,142.570281124498,3,39.444444444444436,0,0,3,0,6.0,196.0,1.0,39.2,113.0,173.4513274336283,0.0,0.0,1.0,0.0,10.0,346.0,0.0,0.0,3.0,0.0,3.0,49.42857142857143,233.0,148.49785407725318,6.0,159.0,2.0,39.75,136.0,116.91176470588236,0.0,0.0,2.0,0.0
200,KMA Paul,44,5,51,86.27450980392156,2,14.666666666666664,1,0,0,0,0.0,0.0,0.0,0.0,0.0,0.0,0.0,0.0,0.0,0.0,5.0,44.0,1.0,0.0,0.0,0.0,2.0,14.666666666666664,51.0,86.27450980392156,5.0,44.0,2.0,14.666666666666664,51.0,86.27450980392156,1.0,0.0,0.0,0.0
201,Taskin Ahmed,5,1,4,125.0,0,5.0,0,0,0,0,0.0,0.0,0.0,0.0,0.0,0.0,0.0,0.0,0.0,0.0,1.0,5.0,0.0,0.0,0.0,0.0,0.0,5.0,4.0,125.0,1.0,5.0,0.0,5.0,4.0,125.0,0.0,0.0,0.0,0.0
202,Samiullah Shenwari,45,2,52,86.53846153846153,0,22.5,0,0,0,0,0.0,0.0,0.0,0.0,0.0,0.0,0.0,0.0,0.0,0.0,2.0,45.0,0.0,0.0,0.0,0.0,0.0,22.5,52.0,86.53846153846153,2.0,45.0,0.0,22.5,52.0,86.53846153846153,0.0,0.0,0.0,0.0
203,Afif Hossain,168,11,139,120.863309352518,0,15.272727272727273,1,1,1,0,4.0,77.0,0.0,19.25,53.0,145.28301886792454,0.0,0.0,1.0,0.0,10.0,116.0,1.0,1.0,0.0,0.0,0.0,11.6,113.0,102.65486725663716,7.0,91.0,0.0,13.0,86.0,105.81395348837208,1.0,1.0,0.0,0.0
204,SW Poynter,70,5,52,134.61538461538458,5,inf,0,1,0,0,0.0,0.0,0.0,0.0,0.0,0.0,0.0,0.0,0.0,0.0,5.0,70.0,0.0,1.0,0.0,0.0,5.0,0.0,52.0,134.61538461538458,5.0,70.0,5.0,0.0,52.0,134.61538461538458,0.0,1.0,0.0,0.0
205,TL Chatara,0,1,1,0.0,0,0.0,1,0,0,0,0.0,0.0,0.0,0.0,0.0,0.0,0.0,0.0,0.0,0.0,1.0,0.0,1.0,0.0,0.0,0.0,0.0,0.0,1.0,0.0,1.0,0.0,0.0,0.0,1.0,0.0,1.0,0.0,0.0,0.0
206,Usman Ghani,192,5,151,127.1523178807947,0,38.4,0,2,1,0,0.0,0.0,0.0,0.0,0.0,0.0,0.0,0.0,0.0,0.0,5.0,192.0,0.0,2.0,1.0,0.0,0.0,38.4,151.0,127.1523178807947,5.0,192.0,0.0,38.4,151.0,127.1523178807947,0.0,2.0,1.0,0.0
207,Junaid Siddiqui,2,1,2,100.0,1,inf,0,0,0,0,0.0,0.0,0.0,0.0,0.0,0.0,0.0,0.0,0.0,0.0,1.0,2.0,0.0,0.0,0.0,0.0,1.0,0.0,2.0,100.0,1.0,2.0,1.0,0.0,2.0,100.0,0.0,0.0,0.0,0.0
208,Waqas Khan,96,7,102,94.11764705882355,1,16.0,0,0,1,0,0.0,0.0,0.0,0.0,0.0,0.0,0.0,0.0,0.0,0.0,7.0,96.0,0.0,0.0,1.0,0.0,1.0,16.0,102.0,94.11764705882355,7.0,96.0,1.0,16.0,102.0,94.11764705882355,0.0,0.0,1.0,0.0
209,PJ Cummins,20,2,10,200.0,2,inf,0,0,0,0,0.0,0.0,0.0,0.0,0.0,0.0,0.0,0.0,0.0,0.0,2.0,20.0,0.0,0.0,0.0,0.0,2.0,0.0,10.0,200.0,2.0,20.0,2.0,0.0,10.0,200.0,0.0,0.0,0.0,0.0
210,A Balbirnie,736,25,546,134.7985347985348,2,32.0,1,9,3,0,3.0,137.0,1.0,68.5,76.0,180.26315789473685,0.0,1.0,1.0,0.0,10.0,242.0,1.0,4.0,0.0,0.0,0.0,24.2,212.0,114.15094339622641,22.0,599.0,1.0,28.523809523809533,470.0,127.44680851063828,1.0,8.0,2.0,0.0
211,MC Henriques,61,3,40,152.5,1,30.5,0,1,0,0,3.0,61.0,1.0,30.5,40.0,152.5,0.0,1.0,0.0,0.0,3.0,61.0,0.0,1.0,0.0,0.0,1.0,30.5,40.0,152.5,0.0,0.0,0.0,0.0,0.0,0.0,0.0,0.0,0.0,0.0
212,JJ Roy,291,11,221,131.67420814479638,0,26.45454545454545,2,4,1,0,0.0,0.0,0.0,0.0,0.0,0.0,0.0,0.0,0.0,0.0,10.0,221.0,2.0,4.0,0.0,0.0,0.0,22.1,183.0,120.76502732240436,11.0,291.0,0.0,26.45454545454545,221.0,131.67420814479638,2.0,4.0,1.0,0.0
213,MR Marsh,150,9,141,106.38297872340424,2,21.428571428571427,1,2,0,0,0.0,0.0,0.0,0.0,0.0,0.0,0.0,0.0,0.0,0.0,9.0,150.0,1.0,2.0,0.0,0.0,2.0,21.428571428571427,141.0,106.38297872340424,9.0,150.0,2.0,21.428571428571427,141.0,106.38297872340424,1.0,2.0,0.0,0.0
214,E Otieno,4,3,5,80.0,2,4.0,1,0,0,0,0.0,0.0,0.0,0.0,0.0,0.0,0.0,0.0,0.0,0.0,3.0,4.0,1.0,0.0,0.0,0.0,2.0,4.0,5.0,80.0,3.0,4.0,2.0,4.0,5.0,80.0,1.0,0.0,0.0,0.0
215,O Thomas,0,1,3,0.0,1,0.0,1,0,0,0,0.0,0.0,0.0,0.0,0.0,0.0,0.0,0.0,0.0,0.0,1.0,0.0,1.0,0.0,0.0,0.0,1.0,0.0,3.0,0.0,1.0,0.0,1.0,0.0,3.0,0.0,1.0,0.0,0.0,0.0
216,WB Rankin,11,6,17,64.70588235294117,4,5.5,3,0,0,0,0.0,0.0,0.0,0.0,0.0,0.0,0.0,0.0,0.0,0.0,6.0,11.0,3.0,0.0,0.0,0.0,4.0,5.5,17.0,64.70588235294117,6.0,11.0,4.0,5.5,17.0,64.70588235294117,3.0,0.0,0.0,0.0
217,TD Astle,3,1,5,60.0,0,3.0,0,0,0,0,0.0,0.0,0.0,0.0,0.0,0.0,0.0,0.0,0.0,0.0,1.0,3.0,0.0,0.0,0.0,0.0,0.0,3.0,5.0,60.0,1.0,3.0,0.0,3.0,5.0,60.0,0.0,0.0,0.0,0.0
218,TL Seifert,655,26,501,130.73852295409182,4,29.77272727272728,1,5,5,0,22.0,614.0,4.0,34.111111111111114,451.0,136.1419068736142,1.0,5.0,5.0,0.0,10.0,288.0,0.0,1.0,3.0,0.0,1.0,32.0,229.0,125.764192139738,4.0,41.0,0.0,10.25,50.0,82.0,0.0,0.0,0.0,0.0
219,Mohammad Nadeem,68,9,90,75.55555555555556,3,11.333333333333336,2,0,0,0,0.0,0.0,0.0,0.0,0.0,0.0,0.0,0.0,0.0,0.0,9.0,68.0,2.0,0.0,0.0,0.0,3.0,11.333333333333336,90.0,75.55555555555556,9.0,68.0,3.0,11.333333333333336,90.0,75.55555555555556,2.0,0.0,0.0,0.0
220,SM Sharif,45,5,37,121.62162162162164,3,22.5,0,0,0,0,0.0,0.0,0.0,0.0,0.0,0.0,0.0,0.0,0.0,0.0,5.0,45.0,0.0,0.0,0.0,0.0,3.0,22.5,37.0,121.62162162162164,5.0,45.0,3.0,22.5,37.0,121.62162162162164,0.0,0.0,0.0,0.0
221,N Pokana,8,2,10,80.0,2,inf,0,0,0,0,0.0,0.0,0.0,0.0,0.0,0.0,0.0,0.0,0.0,0.0,2.0,8.0,0.0,0.0,0.0,0.0,2.0,0.0,10.0,80.0,2.0,8.0,2.0,0.0,10.0,80.0,0.0,0.0,0.0,0.0
222,K Rabada,32,4,33,96.96969696969695,1,10.666666666666666,1,0,0,0,4.0,32.0,1.0,10.666666666666666,33.0,96.96969696969695,1.0,0.0,0.0,0.0,4.0,32.0,1.0,0.0,0.0,0.0,1.0,10.666666666666666,33.0,96.96969696969695,0.0,0.0,0.0,0.0,0.0,0.0,0.0,0.0,0.0,0.0
223,PADLR Sandakan,19,5,27,70.37037037037038,2,6.333333333333332,0,0,0,0,1.0,1.0,1.0,0.0,1.0,100.0,0.0,0.0,0.0,0.0,5.0,19.0,0.0,0.0,0.0,0.0,2.0,6.333333333333332,27.0,70.37037037037038,4.0,18.0,1.0,6.0,26.0,69.23076923076923,0.0,0.0,0.0,0.0
224,MRJ Watt,21,4,18,116.66666666666669,3,21.0,0,0,0,0,0.0,0.0,0.0,0.0,0.0,0.0,0.0,0.0,0.0,0.0,4.0,21.0,0.0,0.0,0.0,0.0,3.0,21.0,18.0,116.66666666666669,4.0,21.0,3.0,21.0,18.0,116.66666666666669,0.0,0.0,0.0,0.0
225,DW Steyn,6,3,6,100.0,2,6.0,1,0,0,0,3.0,6.0,2.0,6.0,6.0,100.0,1.0,0.0,0.0,0.0,3.0,6.0,1.0,0.0,0.0,0.0,2.0,6.0,6.0,100.0,0.0,0.0,0.0,0.0,0.0,0.0,0.0,0.0,0.0,0.0
226,DT Tiripano,107,6,90,118.88888888888887,1,21.4,0,0,0,0,0.0,0.0,0.0,0.0,0.0,0.0,0.0,0.0,0.0,0.0,6.0,107.0,0.0,0.0,0.0,0.0,1.0,21.4,90.0,118.88888888888887,6.0,107.0,1.0,21.4,90.0,118.88888888888887,0.0,0.0,0.0,0.0
227,RR Pant,355,20,289,122.8373702422145,4,22.1875,2,3,1,0,14.0,214.0,2.0,17.833333333333332,187.0,114.4385026737968,1.0,2.0,0.0,0.0,10.0,187.0,1.0,2.0,0.0,0.0,2.0,23.375,151.0,123.841059602649,6.0,141.0,2.0,35.25,102.0,138.23529411764707,1.0,1.0,1.0,0.0
228,SR Thompson,96,8,83,115.66265060240966,4,24.0,0,0,0,0,1.0,1.0,1.0,0.0,1.0,100.0,0.0,0.0,0.0,0.0,8.0,96.0,0.0,0.0,0.0,0.0,4.0,24.0,83.0,115.66265060240966,7.0,95.0,3.0,23.75,82.0,115.85365853658536,0.0,0.0,0.0,0.0
229,AR Patel,7,1,3,233.3333333333333,1,inf,0,0,0,0,1.0,7.0,1.0,0.0,3.0,233.33333333333331,0.0,0.0,0.0,0.0,1.0,7.0,0.0,0.0,0.0,0.0,1.0,0.0,3.0,233.33333333333331,0.0,0.0,0.0,0.0,0.0,0.0,0.0,0.0,0.0,0.0
230,R Mutumbami,178,10,135,131.85185185185185,1,19.777777777777782,1,1,1,0,0.0,0.0,0.0,0.0,0.0,0.0,0.0,0.0,0.0,0.0,10.0,178.0,1.0,1.0,1.0,0.0,1.0,19.777777777777782,135.0,131.85185185185185,10.0,178.0,1.0,19.777777777777782,135.0,131.85185185185185,1.0,1.0,1.0,0.0
231,Mahmudullah,256,12,203,126.10837438423646,3,28.444444444444446,0,2,1,0,5.0,140.0,1.0,35.0,116.0,120.6896551724138,0.0,1.0,1.0,0.0,10.0,198.0,0.0,1.0,1.0,0.0,3.0,28.285714285714285,147.0,134.69387755102042,7.0,116.0,2.0,23.2,87.0,133.33333333333334,0.0,1.0,0.0,0.0
232,JC Buttler,463,13,319,145.141065830721,3,46.3,1,1,5,0,2.0,121.0,1.0,121.0,85.0,142.35294117647058,0.0,1.0,1.0,0.0,10.0,389.0,1.0,1.0,4.0,0.0,3.0,55.57142857142857,275.0,141.45454545454547,11.0,342.0,2.0,38.0,234.0,146.15384615384616,1.0,0.0,4.0,0.0
233,CJA Amini,179,9,142,126.05633802816901,3,29.83333333333333,2,2,1,0,2.0,79.0,1.0,79.0,49.0,161.22448979591837,0.0,0.0,1.0,0.0,9.0,179.0,2.0,2.0,1.0,0.0,3.0,29.83333333333333,142.0,126.05633802816901,7.0,100.0,2.0,20.0,93.0,107.52688172043013,2.0,2.0,0.0,0.0
234,KD Shah,424,19,373,113.67292225201072,4,28.266666666666666,2,2,3,0,0.0,0.0,0.0,0.0,0.0,0.0,0.0,0.0,0.0,0.0,10.0,155.0,2.0,0.0,1.0,0.0,2.0,19.375,132.0,117.42424242424242,19.0,424.0,4.0,28.266666666666666,373.0,113.67292225201072,2.0,2.0,3.0,0.0
235,N Dickwella,214,11,159,134.59119496855342,1,21.4,2,4,0,0,3.0,96.0,1.0,48.0,70.0,137.14285714285714,0.0,2.0,0.0,0.0,10.0,196.0,2.0,4.0,0.0,0.0,1.0,21.777777777777782,149.0,131.54362416107384,8.0,118.0,0.0,14.75,89.0,132.58426966292134,2.0,2.0,0.0,0.0
236,JA Richardson,30,5,28,107.14285714285714,3,15.0,0,0,0,0,0.0,0.0,0.0,0.0,0.0,0.0,0.0,0.0,0.0,0.0,5.0,30.0,0.0,0.0,0.0,0.0,3.0,15.0,28.0,107.14285714285714,5.0,30.0,3.0,15.0,28.0,107.14285714285714,0.0,0.0,0.0,0.0
237,JOA Gordon,1,1,2,50.0,1,inf,0,0,0,0,0.0,0.0,0.0,0.0,0.0,0.0,0.0,0.0,0.0,0.0,1.0,1.0,0.0,0.0,0.0,0.0,1.0,0.0,2.0,50.0,1.0,1.0,1.0,0.0,2.0,50.0,0.0,0.0,0.0,0.0
238,CJ Chibhabha,46,3,40,115.0,0,15.333333333333336,1,1,0,0,0.0,0.0,0.0,0.0,0.0,0.0,0.0,0.0,0.0,0.0,3.0,46.0,1.0,1.0,0.0,0.0,0.0,15.333333333333336,40.0,115.0,3.0,46.0,0.0,15.333333333333336,40.0,115.0,1.0,1.0,0.0,0.0
239,Mohammad Saifuddin,51,5,49,104.08163265306122,3,25.5,0,1,0,0,3.0,14.0,2.0,14.0,7.0,200.0,0.0,0.0,0.0,0.0,5.0,51.0,0.0,1.0,0.0,0.0,3.0,25.5,49.0,104.08163265306122,2.0,37.0,1.0,37.0,42.0,88.09523809523809,0.0,1.0,0.0,0.0
240,NLTC Perera,127,8,101,125.74257425742573,3,25.4,0,1,0,0,2.0,32.0,1.0,32.0,20.0,160.0,0.0,0.0,0.0,0.0,8.0,127.0,0.0,1.0,0.0,0.0,3.0,25.4,101.0,125.74257425742573,6.0,95.0,2.0,23.75,81.0,117.28395061728395,0.0,1.0,0.0,0.0
241,Khawar Ali,279,15,258,108.13953488372091,1,19.928571428571427,2,2,2,0,0.0,0.0,0.0,0.0,0.0,0.0,0.0,0.0,0.0,0.0,10.0,243.0,1.0,2.0,2.0,0.0,1.0,27.0,194.0,125.25773195876288,15.0,279.0,1.0,19.928571428571427,258.0,108.13953488372091,2.0,2.0,2.0,0.0
242,KA Pollard,489,15,331,147.73413897280966,3,40.75,1,6,3,0,5.0,140.0,0.0,28.0,95.0,147.3684210526316,1.0,2.0,1.0,0.0,10.0,335.0,1.0,4.0,2.0,0.0,1.0,37.22222222222222,196.0,170.91836734693874,10.0,349.0,3.0,49.85714285714285,236.0,147.88135593220338,0.0,4.0,2.0,0.0
243,CH Gayle,49,5,57,85.96491228070175,0,9.8,1,0,0,0,5.0,49.0,0.0,9.8,57.0,85.96491228070175,1.0,0.0,0.0,0.0,5.0,49.0,1.0,0.0,0.0,0.0,0.0,9.8,57.0,85.96491228070175,0.0,0.0,0.0,0.0,0.0,0.0,0.0,0.0,0.0,0.0
244,NM Coulter-Nile,4,1,8,50.0,0,4.0,0,0,0,0,0.0,0.0,0.0,0.0,0.0,0.0,0.0,0.0,0.0,0.0,1.0,4.0,0.0,0.0,0.0,0.0,0.0,4.0,8.0,50.0,1.0,4.0,0.0,4.0,8.0,50.0,0.0,0.0,0.0,0.0
245,GSNFG Jayasuriya,84,6,82,102.43902439024392,0,14.0,1,1,0,0,3.0,36.0,0.0,12.0,32.0,112.5,1.0,0.0,0.0,0.0,6.0,84.0,1.0,1.0,0.0,0.0,0.0,14.0,82.0,102.43902439024392,3.0,48.0,0.0,16.0,50.0,96.0,0.0,1.0,0.0,0.0
246,MS Chapman,60,4,42,142.85714285714286,1,20.0,0,1,0,0,4.0,60.0,1.0,20.0,42.0,142.85714285714286,0.0,1.0,0.0,0.0,4.0,60.0,0.0,1.0,0.0,0.0,1.0,20.0,42.0,142.85714285714286,0.0,0.0,0.0,0.0,0.0,0.0,0.0,0.0,0.0,0.0
247,TG Southee,117,11,81,144.44444444444446,4,16.714285714285715,0,1,0,0,9.0,83.0,3.0,13.833333333333336,53.0,156.6037735849057,0.0,1.0,0.0,0.0,10.0,104.0,0.0,1.0,0.0,0.0,3.0,14.857142857142858,73.0,142.46575342465755,2.0,34.0,1.0,34.0,28.0,121.42857142857143,0.0,0.0,0.0,0.0
248,GL Cloete,13,1,12,108.33333333333331,0,13.0,0,0,0,0,1.0,13.0,0.0,13.0,12.0,108.33333333333331,0.0,0.0,0.0,0.0,1.0,13.0,0.0,0.0,0.0,0.0,0.0,13.0,12.0,108.33333333333331,0.0,0.0,0.0,0.0,0.0,0.0,0.0,0.0,0.0,0.0
249,C Munro,447,17,324,137.96296296296296,0,26.294117647058826,1,3,3,0,14.0,422.0,0.0,30.142857142857146,303.0,139.27392739273927,0.0,3.0,3.0,0.0,10.0,288.0,0.0,2.0,2.0,0.0,0.0,28.8,221.0,130.31674208144796,3.0,25.0,0.0,8.333333333333334,21.0,119.04761904761904,1.0,0.0,0.0,0.0
250,Hasan Ali,32,3,15,213.3333333333333,1,16.0,0,0,0,0,1.0,20.0,1.0,0.0,8.0,250.0,0.0,0.0,0.0,0.0,3.0,32.0,0.0,0.0,0.0,0.0,1.0,16.0,15.0,213.33333333333331,2.0,12.0,0.0,6.0,7.0,171.42857142857142,0.0,0.0,0.0,0.0
251,Ghulam Shabber,114,6,109,104.58715596330276,1,22.8,0,0,1,0,4.0,46.0,0.0,11.5,45.0,102.22222222222223,0.0,0.0,0.0,0.0,6.0,114.0,0.0,0.0,1.0,0.0,1.0,22.8,109.0,104.58715596330276,2.0,68.0,1.0,68.0,64.0,106.25,0.0,0.0,1.0,0.0
252,TS Chisoro,3,1,5,60.0,1,inf,0,0,0,0,0.0,0.0,0.0,0.0,0.0,0.0,0.0,0.0,0.0,0.0,1.0,3.0,0.0,0.0,0.0,0.0,1.0,0.0,5.0,60.0,1.0,3.0,1.0,0.0,5.0,60.0,0.0,0.0,0.0,0.0
253,AD Russell,75,2,30,250.0,1,75.0,0,2,0,0,0.0,0.0,0.0,0.0,0.0,0.0,0.0,0.0,0.0,0.0,2.0,75.0,0.0,2.0,0.0,0.0,1.0,75.0,30.0,250.0,2.0,75.0,1.0,75.0,30.0,250.0,0.0,2.0,0.0,0.0
254,D Bishoo,11,2,23,47.82608695652174,1,11.0,0,0,0,0,2.0,11.0,1.0,11.0,23.0,47.82608695652174,0.0,0.0,0.0,0.0,2.0,11.0,0.0,0.0,0.0,0.0,1.0,11.0,23.0,47.82608695652174,0.0,0.0,0.0,0.0,0.0,0.0,0.0,0.0,0.0,0.0
255,LD Chandimal,68,3,65,104.6153846153846,1,34.0,0,0,1,0,0.0,0.0,0.0,0.0,0.0,0.0,0.0,0.0,0.0,0.0,3.0,68.0,0.0,0.0,1.0,0.0,1.0,34.0,65.0,104.6153846153846,3.0,68.0,1.0,34.0,65.0,104.6153846153846,0.0,0.0,1.0,0.0
256,EJG Morgan,577,22,361,159.8337950138504,5,33.94117647058823,0,2,5,0,6.0,159.0,1.0,31.8,89.0,178.6516853932584,0.0,0.0,2.0,0.0,10.0,173.0,0.0,0.0,1.0,0.0,1.0,19.222222222222218,120.0,144.16666666666666,16.0,418.0,4.0,34.833333333333336,272.0,153.67647058823533,0.0,2.0,3.0,0.0
257,V Kohli,992,24,701,141.51212553495006,8,62.0,1,4,9,0,14.0,647.0,8.0,107.83333333333331,420.0,154.04761904761904,1.0,1.0,7.0,0.0,10.0,414.0,1.0,2.0,4.0,0.0,3.0,59.14285714285714,295.0,140.33898305084745,10.0,345.0,0.0,34.5,281.0,122.77580071174377,0.0,3.0,2.0,0.0
258,AK Perera,55,4,59,93.22033898305084,0,13.75,0,0,0,0,0.0,0.0,0.0,0.0,0.0,0.0,0.0,0.0,0.0,0.0,4.0,55.0,0.0,0.0,0.0,0.0,0.0,13.75,59.0,93.22033898305084,4.0,55.0,0.0,13.75,59.0,93.22033898305084,0.0,0.0,0.0,0.0
259,FH Edwards,1,1,2,50.0,1,inf,0,0,0,0,1.0,1.0,1.0,0.0,2.0,50.0,0.0,0.0,0.0,0.0,1.0,1.0,0.0,0.0,0.0,0.0,1.0,0.0,2.0,50.0,0.0,0.0,0.0,0.0,0.0,0.0,0.0,0.0,0.0,0.0
260,NR Kumar,337,10,248,135.88709677419357,2,42.125,1,2,3,0,0.0,0.0,0.0,0.0,0.0,0.0,0.0,0.0,0.0,0.0,10.0,337.0,1.0,2.0,3.0,0.0,2.0,42.125,248.0,135.88709677419357,10.0,337.0,2.0,42.125,248.0,135.88709677419357,1.0,2.0,3.0,0.0
261,Mosaddek Hossain,83,6,68,122.05882352941177,3,27.66666666666667,0,1,0,0,4.0,63.0,2.0,31.5,50.0,126.0,0.0,1.0,0.0,0.0,6.0,83.0,0.0,1.0,0.0,0.0,3.0,27.66666666666667,68.0,122.05882352941177,2.0,20.0,1.0,20.0,18.0,111.11111111111113,0.0,0.0,0.0,0.0
262,Tamim Iqbal,145,3,124,116.93548387096773,0,48.33333333333334,0,2,1,0,1.0,41.0,0.0,41.0,34.0,120.58823529411764,0.0,1.0,0.0,0.0,3.0,145.0,0.0,2.0,1.0,0.0,0.0,48.33333333333334,124.0,116.93548387096773,2.0,104.0,0.0,52.0,90.0,115.55555555555556,0.0,1.0,1.0,0.0
263,Ehsan Khan,97,11,77,125.97402597402599,6,19.4,3,0,0,0,0.0,0.0,0.0,0.0,0.0,0.0,0.0,0.0,0.0,0.0,10.0,87.0,3.0,0.0,0.0,0.0,5.0,17.4,68.0,127.94117647058823,11.0,97.0,6.0,19.4,77.0,125.97402597402599,3.0,0.0,0.0,0.0
264,KL Rahul,775,23,587,132.02725724020442,2,36.904761904761905,3,5,8,0,14.0,450.0,1.0,34.615384615384606,340.0,132.35294117647058,2.0,2.0,5.0,0.0,10.0,207.0,3.0,3.0,1.0,0.0,0.0,20.7,177.0,116.94915254237287,9.0,325.0,1.0,40.625,247.0,131.57894736842104,1.0,3.0,3.0,0.0
265,MD Gunathilaka,232,11,208,111.53846153846152,0,21.09090909090909,0,1,2,0,1.0,30.0,0.0,30.0,25.0,120.0,0.0,1.0,0.0,0.0,10.0,202.0,0.0,0.0,2.0,0.0,0.0,20.2,183.0,110.38251366120218,10.0,202.0,0.0,20.2,183.0,110.38251366120218,0.0,0.0,2.0,0.0
266,MP Stoinis,248,11,187,132.62032085561498,4,35.42857142857143,0,1,1,0,1.0,16.0,1.0,0.0,7.0,228.57142857142856,0.0,0.0,0.0,0.0,10.0,247.0,0.0,1.0,1.0,0.0,3.0,35.285714285714285,182.0,135.71428571428572,10.0,232.0,3.0,33.142857142857146,180.0,128.88888888888889,0.0,1.0,1.0,0.0
267,CS MacLeod,435,13,347,125.36023054755043,2,39.54545454545455,1,4,3,0,0.0,0.0,0.0,0.0,0.0,0.0,0.0,0.0,0.0,0.0,10.0,318.0,1.0,3.0,2.0,0.0,0.0,31.8,242.0,131.40495867768595,13.0,435.0,2.0,39.54545454545455,347.0,125.36023054755043,1.0,4.0,3.0,0.0
268,CR Ervine,273,9,222,122.97297297297294,1,34.125,0,0,3,0,0.0,0.0,0.0,0.0,0.0,0.0,0.0,0.0,0.0,0.0,9.0,273.0,0.0,0.0,3.0,0.0,1.0,34.125,222.0,122.97297297297294,9.0,273.0,1.0,34.125,222.0,122.97297297297294,0.0,0.0,3.0,0.0
269,DAJ Bracewell,44,1,31,141.93548387096774,0,44.0,0,1,0,0,1.0,44.0,0.0,44.0,31.0,141.93548387096774,0.0,1.0,0.0,0.0,1.0,44.0,0.0,1.0,0.0,0.0,0.0,44.0,31.0,141.93548387096774,0.0,0.0,0.0,0.0,0.0,0.0,0.0,0.0,0.0,0.0
270,KH Pandya,98,7,81,120.98765432098766,3,24.5,0,0,0,0,3.0,20.0,1.0,10.0,21.0,95.23809523809523,0.0,0.0,0.0,0.0,7.0,98.0,0.0,0.0,0.0,0.0,3.0,24.5,81.0,120.98765432098766,4.0,78.0,2.0,39.0,60.0,130.0,0.0,0.0,0.0,0.0
271,JDS Neesham,202,10,120,168.33333333333334,4,33.666666666666664,1,3,0,0,9.0,157.0,3.0,26.16666666666667,102.0,153.92156862745097,1.0,2.0,0.0,0.0,10.0,202.0,1.0,3.0,0.0,0.0,4.0,33.666666666666664,120.0,168.33333333333334,1.0,45.0,1.0,0.0,18.0,250.0,0.0,1.0,0.0,0.0
272,JM Vince,146,5,111,131.53153153153153,0,29.2,0,2,1,0,1.0,36.0,0.0,36.0,28.0,128.57142857142858,0.0,1.0,0.0,0.0,5.0,146.0,0.0,2.0,1.0,0.0,0.0,29.2,111.0,131.53153153153153,4.0,110.0,0.0,27.5,83.0,132.53012048192772,0.0,1.0,1.0,0.0
273,Mohammad Mithun,37,4,40,92.5,1,12.333333333333336,0,0,0,0,0.0,0.0,0.0,0.0,0.0,0.0,0.0,0.0,0.0,0.0,4.0,37.0,0.0,0.0,0.0,0.0,1.0,12.333333333333336,40.0,92.5,4.0,37.0,1.0,12.333333333333336,40.0,92.5,0.0,0.0,0.0,0.0
274,Aizaz Khan,178,14,164,108.53658536585364,1,13.692307692307693,2,2,0,0,0.0,0.0,0.0,0.0,0.0,0.0,0.0,0.0,0.0,0.0,10.0,135.0,1.0,2.0,0.0,0.0,1.0,15.0,115.0,117.3913043478261,14.0,178.0,1.0,13.692307692307693,164.0,108.53658536585364,2.0,2.0,0.0,0.0
275,Chirag Suri,273,9,231,118.1818181818182,1,34.125,0,2,2,0,6.0,100.0,1.0,20.0,102.0,98.0392156862745,0.0,1.0,0.0,0.0,9.0,273.0,0.0,2.0,2.0,0.0,1.0,34.125,231.0,118.1818181818182,3.0,173.0,0.0,57.66666666666666,129.0,134.10852713178295,0.0,1.0,2.0,0.0
276,Muhammad Usman,303,15,249,121.68674698795179,2,23.30769230769231,2,2,1,0,10.0,224.0,2.0,28.0,180.0,124.44444444444444,2.0,1.0,1.0,0.0,10.0,236.0,1.0,0.0,1.0,0.0,2.0,29.5,187.0,126.20320855614972,5.0,79.0,0.0,15.8,69.0,114.4927536231884,0.0,1.0,0.0,0.0
277,SS Cottrell,12,6,18,66.66666666666667,3,4.0,1,0,0,0,2.0,6.0,0.0,3.0,7.0,85.71428571428571,0.0,0.0,0.0,0.0,6.0,12.0,1.0,0.0,0.0,0.0,3.0,4.0,18.0,66.66666666666667,4.0,6.0,3.0,6.0,11.0,54.54545454545455,1.0,0.0,0.0,0.0
278,AD Mathews,93,6,86,108.13953488372091,0,15.5,0,1,0,0,2.0,33.0,0.0,16.5,33.0,100.0,0.0,0.0,0.0,0.0,6.0,93.0,0.0,1.0,0.0,0.0,0.0,15.5,86.0,108.13953488372091,4.0,60.0,0.0,15.0,53.0,113.2075471698113,0.0,1.0,0.0,0.0
279,SA Edwards,207,15,149,138.9261744966443,5,20.7,1,2,0,0,4.0,36.0,0.0,9.0,35.0,102.85714285714286,1.0,0.0,0.0,0.0,10.0,134.0,0.0,1.0,0.0,0.0,5.0,26.8,94.0,142.5531914893617,11.0,171.0,5.0,28.5,114.0,150.0,0.0,2.0,0.0,0.0
280,JM Bairstow,654,23,451,145.0110864745011,3,32.7,2,6,4,0,6.0,118.0,0.0,19.666666666666668,94.0,125.53191489361704,1.0,1.0,1.0,0.0,10.0,279.0,0.0,1.0,2.0,0.0,3.0,39.857142857142854,207.0,134.7826086956522,17.0,536.0,3.0,38.285714285714285,357.0,150.14005602240897,1.0,5.0,3.0,0.0
281,Umar Akmal,0,2,2,0.0,0,0.0,2,0,0,0,2.0,0.0,0.0,0.0,2.0,0.0,2.0,0.0,0.0,0.0,2.0,0.0,2.0,0.0,0.0,0.0,0.0,0.0,2.0,0.0,0.0,0.0,0.0,0.0,0.0,0.0,0.0,0.0,0.0,0.0
282,Imran Tahir,1,1,1,100.0,1,inf,0,0,0,0,1.0,1.0,1.0,0.0,1.0,100.0,0.0,0.0,0.0,0.0,1.0,1.0,0.0,0.0,0.0,0.0,1.0,0.0,1.0,100.0,0.0,0.0,0.0,0.0,0.0,0.0,0.0,0.0,0.0,0.0
283,Haris Sohail,120,5,123,97.56097560975608,0,24.0,0,0,2,0,1.0,52.0,0.0,52.0,53.0,98.1132075471698,0.0,0.0,1.0,0.0,5.0,120.0,0.0,0.0,2.0,0.0,0.0,24.0,123.0,97.56097560975608,4.0,68.0,0.0,17.0,70.0,97.14285714285714,0.0,0.0,1.0,0.0
284,AU Rashid,9,4,14,64.28571428571429,2,4.5,0,0,0,0,2.0,4.0,2.0,0.0,7.0,57.14285714285714,0.0,0.0,0.0,0.0,4.0,9.0,0.0,0.0,0.0,0.0,2.0,4.5,14.0,64.28571428571429,2.0,5.0,0.0,2.5,7.0,71.42857142857143,0.0,0.0,0.0,0.0
285,Aamir Kaleem,164,12,170,96.47058823529413,2,16.4,2,1,0,0,0.0,0.0,0.0,0.0,0.0,0.0,0.0,0.0,0.0,0.0,10.0,139.0,2.0,1.0,0.0,0.0,2.0,17.375,140.0,99.28571428571428,12.0,164.0,2.0,16.4,170.0,96.47058823529413,2.0,1.0,0.0,0.0
286,MK Pandey,171,10,131,130.53435114503816,7,57.0,0,1,1,0,2.0,53.0,2.0,0.0,31.0,170.96774193548387,0.0,1.0,0.0,0.0,10.0,171.0,0.0,1.0,1.0,0.0,7.0,57.0,131.0,130.53435114503816,8.0,118.0,5.0,39.333333333333336,100.0,118.0,0.0,0.0,1.0,0.0
287,Shadab Khan,97,9,81,119.75308641975307,2,13.857142857142858,2,1,0,0,2.0,6.0,0.0,3.0,8.0,75.0,1.0,0.0,0.0,0.0,9.0,97.0,2.0,1.0,0.0,0.0,2.0,13.857142857142858,81.0,119.75308641975307,7.0,91.0,2.0,18.2,73.0,124.65753424657534,1.0,1.0,0.0,0.0
288,N Madziva,28,3,30,93.33333333333331,1,14.0,0,0,0,0,0.0,0.0,0.0,0.0,0.0,0.0,0.0,0.0,0.0,0.0,3.0,28.0,0.0,0.0,0.0,0.0,1.0,14.0,30.0,93.33333333333331,3.0,28.0,1.0,14.0,30.0,93.33333333333331,0.0,0.0,0.0,0.0
289,Najibullah Zadran,349,16,261,133.71647509578546,8,43.625,2,2,2,0,0.0,0.0,0.0,0.0,0.0,0.0,0.0,0.0,0.0,0.0,10.0,217.0,2.0,1.0,1.0,0.0,5.0,43.4,165.0,131.5151515151515,16.0,349.0,8.0,43.625,261.0,133.71647509578546,2.0,2.0,2.0,0.0
290,PR Stirling,943,26,666,141.5915915915916,2,39.29166666666666,2,1,10,0,2.0,83.0,1.0,83.0,38.0,218.421052631579,1.0,0.0,1.0,0.0,10.0,318.0,1.0,0.0,3.0,0.0,1.0,35.333333333333336,218.0,145.87155963302754,24.0,860.0,1.0,37.39130434782609,628.0,136.94267515923568,1.0,1.0,9.0,0.0
291,Nizakat Khan,335,19,272,123.16176470588236,0,17.63157894736842,2,5,0,0,0.0,0.0,0.0,0.0,0.0,0.0,0.0,0.0,0.0,0.0,10.0,153.0,2.0,2.0,0.0,0.0,0.0,15.3,114.0,134.21052631578948,19.0,335.0,0.0,17.63157894736842,272.0,123.16176470588236,2.0,5.0,0.0,0.0
292,Ahmed Shehzad,17,2,29,58.620689655172406,0,8.5,0,0,0,0,2.0,17.0,0.0,8.5,29.0,58.620689655172406,0.0,0.0,0.0,0.0,2.0,17.0,0.0,0.0,0.0,0.0,0.0,8.5,29.0,58.620689655172406,0.0,0.0,0.0,0.0,0.0,0.0,0.0,0.0,0.0,0.0
293,AJ Turner,31,4,36,86.1111111111111,3,31.0,1,0,0,0,3.0,31.0,3.0,0.0,31.0,100.0,0.0,0.0,0.0,0.0,4.0,31.0,1.0,0.0,0.0,0.0,3.0,31.0,36.0,86.1111111111111,1.0,0.0,0.0,0.0,5.0,0.0,1.0,0.0,0.0,0.0
294,W Barresi,35,4,49,71.42857142857143,1,11.666666666666664,0,0,0,0,2.0,12.0,0.0,6.0,22.0,54.54545454545455,0.0,0.0,0.0,0.0,4.0,35.0,0.0,0.0,0.0,0.0,1.0,11.666666666666664,49.0,71.42857142857143,2.0,23.0,1.0,23.0,27.0,85.18518518518519,0.0,0.0,0.0,0.0
295,AL Phehlukwayo,60,10,55,109.0909090909091,2,7.5,3,0,0,0,7.0,38.0,1.0,6.333333333333332,38.0,100.0,2.0,0.0,0.0,0.0,10.0,60.0,3.0,0.0,0.0,0.0,2.0,7.5,55.0,109.0909090909091,3.0,22.0,1.0,11.0,17.0,129.41176470588235,1.0,0.0,0.0,0.0
296,Gulbadin Naib,63,8,54,116.66666666666669,3,12.6,1,0,0,0,0.0,0.0,0.0,0.0,0.0,0.0,0.0,0.0,0.0,0.0,8.0,63.0,1.0,0.0,0.0,0.0,3.0,12.6,54.0,116.66666666666669,8.0,63.0,3.0,12.6,54.0,116.66666666666669,1.0,0.0,0.0,0.0
297,Mohammad Nawaz (3),21,3,17,123.52941176470587,2,21.0,1,0,0,0,3.0,21.0,2.0,21.0,17.0,123.52941176470587,1.0,0.0,0.0,0.0,3.0,21.0,1.0,0.0,0.0,0.0,2.0,21.0,17.0,123.52941176470587,0.0,0.0,0.0,0.0,0.0,0.0,0.0,0.0,0.0,0.0
298,Sikander Zulfiqar,27,3,27,100.0,0,9.0,0,0,0,0,2.0,23.0,0.0,11.5,24.0,95.83333333333331,0.0,0.0,0.0,0.0,3.0,27.0,0.0,0.0,0.0,0.0,0.0,9.0,27.0,100.0,1.0,4.0,0.0,4.0,3.0,133.33333333333334,0.0,0.0,0.0,0.0
299,Shoaib Malik,145,5,112,129.46428571428572,1,36.25,0,1,1,0,1.0,58.0,1.0,0.0,46.0,126.08695652173913,0.0,0.0,1.0,0.0,5.0,145.0,0.0,1.0,1.0,0.0,1.0,36.25,112.0,129.46428571428572,4.0,87.0,0.0,21.75,66.0,131.8181818181818,0.0,1.0,0.0,0.0
300,MD Shanaka,154,13,154,100.0,2,14.0,1,1,0,0,5.0,57.0,1.0,14.25,55.0,103.63636363636364,1.0,1.0,0.0,0.0,10.0,130.0,0.0,1.0,0.0,0.0,2.0,16.25,136.0,95.58823529411764,8.0,97.0,1.0,13.857142857142858,99.0,97.979797979798,0.0,0.0,0.0,0.0
301,AJ Finch,683,21,493,138.53955375253548,3,37.944444444444436,3,8,5,0,7.0,242.0,2.0,48.4,160.0,151.25,1.0,3.0,2.0,0.0,10.0,357.0,1.0,5.0,2.0,0.0,1.0,39.66666666666666,271.0,131.73431734317344,14.0,441.0,1.0,33.92307692307692,333.0,132.43243243243242,2.0,5.0,3.0,0.0
302,MA Starc,12,4,8,150.0,3,12.0,0,0,0,0,1.0,1.0,0.0,1.0,2.0,50.0,0.0,0.0,0.0,0.0,4.0,12.0,0.0,0.0,0.0,0.0,3.0,12.0,8.0,150.0,3.0,11.0,3.0,0.0,6.0,183.33333333333331,0.0,0.0,0.0,0.0
303,IA Karim,225,8,218,103.21100917431193,2,37.5,0,0,2,0,0.0,0.0,0.0,0.0,0.0,0.0,0.0,0.0,0.0,0.0,8.0,225.0,0.0,0.0,2.0,0.0,2.0,37.5,218.0,103.21100917431193,8.0,225.0,2.0,37.5,218.0,103.21100917431193,0.0,0.0,2.0,0.0
304,N Pradeep,10,2,9,111.11111111111113,2,inf,0,0,0,0,0.0,0.0,0.0,0.0,0.0,0.0,0.0,0.0,0.0,0.0,2.0,10.0,0.0,0.0,0.0,0.0,2.0,0.0,9.0,111.11111111111113,2.0,10.0,2.0,0.0,9.0,111.11111111111113,0.0,0.0,0.0,0.0
305,CD Wallace,49,4,38,128.94736842105266,1,16.333333333333332,1,0,0,0,0.0,0.0,0.0,0.0,0.0,0.0,0.0,0.0,0.0,0.0,4.0,49.0,1.0,0.0,0.0,0.0,1.0,16.333333333333332,38.0,128.94736842105266,4.0,49.0,1.0,16.333333333333332,38.0,128.94736842105266,1.0,0.0,0.0,0.0
306,KOK Williams,13,1,8,162.5,1,inf,0,0,0,0,0.0,0.0,0.0,0.0,0.0,0.0,0.0,0.0,0.0,0.0,1.0,13.0,0.0,0.0,0.0,0.0,1.0,0.0,8.0,162.5,1.0,13.0,1.0,0.0,8.0,162.5,0.0,0.0,0.0,0.0
307,BR McDermott,26,2,29,89.65517241379311,0,13.0,0,0,0,0,2.0,26.0,0.0,13.0,29.0,89.65517241379311,0.0,0.0,0.0,0.0,2.0,26.0,0.0,0.0,0.0,0.0,0.0,13.0,29.0,89.65517241379311,0.0,0.0,0.0,0.0,0.0,0.0,0.0,0.0,0.0,0.0
308,MS Wade,287,12,209,137.32057416267943,0,23.91666666666667,0,1,2,0,3.0,145.0,0.0,48.33333333333334,101.0,143.56435643564356,0.0,0.0,2.0,0.0,10.0,268.0,0.0,1.0,2.0,0.0,0.0,26.8,195.0,137.43589743589746,9.0,142.0,0.0,15.777777777777779,108.0,131.4814814814815,0.0,1.0,0.0,0.0
309,PA van Meekeren,6,3,12,50.0,1,3.0,1,0,0,0,0.0,0.0,0.0,0.0,0.0,0.0,0.0,0.0,0.0,0.0,3.0,6.0,1.0,0.0,0.0,0.0,1.0,3.0,12.0,50.0,3.0,6.0,1.0,3.0,12.0,50.0,1.0,0.0,0.0,0.0
310,S Vesawkar,111,6,104,106.73076923076924,3,37.0,0,2,0,0,0.0,0.0,0.0,0.0,0.0,0.0,0.0,0.0,0.0,0.0,6.0,111.0,0.0,2.0,0.0,0.0,3.0,37.0,104.0,106.73076923076924,6.0,111.0,3.0,37.0,104.0,106.73076923076924,0.0,2.0,0.0,0.0
