,name,overall_runs,overall_innings,overall_balls,strike_rate,overall_notout,overall_average,zeros,thirties,fifties,centries,home_innings,home_runs,home_not_out_count,home_average,total_home_ball_faced,home_strike_rate,home_zeros,home_30s,home_50s,home_100s,away_innings,away_runs,away_not_out_count,away_average,total_away_ball_faced,away_strike_rate,away_zeros,away_30s,away_50s,away_100s,form_innings,form_runs,recent_zeros,recent_30s,recent_50s,recent_100s,recent_not_outs,form_average,total_recent_ball_faced,form_strike_rate
0,JE Root,787,26,631,124.7226624405705,7,41.42105263157895,1,8,4,0,10.0,257.0,3.0,36.714285714285715,201.0,127.86069651741293,1.0,1.0,2.0,0.0,16.0,530.0,4.0,44.16666666666666,430.0,123.25581395348836,0.0,7.0,2.0,0.0,10.0,274.0,1.0,4.0,1.0,0.0,3.0,39.142857142857146,248.0,110.48387096774192
1,MJ Swepson,3,1,4,75.0,1,inf,0,0,0,0,0.0,0.0,0.0,0.0,0.0,0.0,0.0,0.0,0.0,0.0,1.0,3.0,1.0,0.0,4.0,75.0,0.0,0.0,0.0,0.0,1.0,3.0,0.0,0.0,0.0,0.0,1.0,0.0,4.0,75.0
2,KJ Coetzer,845,33,663,127.45098039215686,1,26.40625,2,13,3,0,2.0,32.0,0.0,16.0,25.0,128.0,0.0,1.0,0.0,0.0,31.0,813.0,1.0,27.1,638.0,127.4294670846395,2.0,12.0,3.0,0.0,10.0,285.0,0.0,5.0,1.0,0.0,0.0,28.5,207.0,137.68115942028984
3,Mehran Khan,71,8,64,110.9375,2,11.833333333333336,0,0,0,0,0.0,0.0,0.0,0.0,0.0,0.0,0.0,0.0,0.0,0.0,8.0,71.0,2.0,11.833333333333336,64.0,110.9375,0.0,0.0,0.0,0.0,8.0,71.0,0.0,0.0,0.0,0.0,2.0,11.833333333333336,64.0,110.9375
4,Soumya Sarkar,718,40,611,117.51227495908348,2,18.894736842105264,5,9,1,0,16.0,321.0,1.0,21.4,265.0,121.13207547169813,2.0,4.0,1.0,0.0,24.0,397.0,1.0,17.26086956521739,346.0,114.7398843930636,3.0,5.0,0.0,0.0,10.0,94.0,1.0,1.0,0.0,0.0,1.0,10.444444444444443,98.0,95.91836734693878
5,E Chigumbura,755,47,549,137.52276867030966,10,20.405405405405407,6,7,3,0,21.0,342.0,4.0,20.11764705882353,275.0,124.36363636363636,0.0,4.0,1.0,0.0,26.0,413.0,6.0,20.65,274.0,150.7299270072993,6.0,3.0,2.0,0.0,10.0,122.0,1.0,0.0,1.0,0.0,2.0,15.25,112.0,108.92857142857143
6,E Lewis,637,20,411,154.98783454987836,1,33.526315789473685,1,0,4,2,9.0,308.0,1.0,38.5,219.0,140.63926940639269,0.0,0.0,1.0,1.0,11.0,329.0,0.0,29.90909090909091,192.0,171.35416666666666,1.0,0.0,3.0,1.0,10.0,389.0,0.0,0.0,3.0,1.0,1.0,43.22222222222222,246.0,158.130081300813
7,H Klaasen,144,6,88,163.63636363636363,0,24.0,0,0,1,0,3.0,92.0,0.0,30.66666666666667,50.0,184.0,0.0,0.0,1.0,0.0,3.0,52.0,0.0,17.333333333333332,38.0,136.8421052631579,0.0,0.0,0.0,0.0,6.0,144.0,0.0,0.0,1.0,0.0,0.0,24.0,88.0,163.63636363636363
8,Shaiman Anwar,788,27,675,116.74074074074076,3,32.833333333333336,1,8,4,1,14.0,510.0,1.0,39.230769230769226,416.0,122.59615384615385,1.0,3.0,4.0,1.0,13.0,278.0,2.0,25.272727272727273,259.0,107.33590733590735,0.0,5.0,0.0,0.0,10.0,448.0,0.0,4.0,3.0,1.0,2.0,56.0,374.0,119.78609625668447
9,SJ Myburgh,537,24,441,121.76870748299321,2,24.40909090909091,4,3,4,0,1.0,71.0,1.0,0.0,57.0,124.56140350877192,0.0,0.0,1.0,0.0,23.0,466.0,1.0,21.181818181818183,384.0,121.35416666666669,4.0,3.0,3.0,0.0,10.0,235.0,0.0,2.0,1.0,0.0,1.0,26.11111111111111,196.0,119.89795918367346
10,MJ Santner,170,17,137,124.08759124087594,6,15.454545454545455,2,1,0,0,9.0,101.0,4.0,20.2,72.0,140.27777777777777,2.0,1.0,0.0,0.0,8.0,69.0,2.0,11.5,65.0,106.15384615384615,0.0,0.0,0.0,0.0,10.0,130.0,1.0,1.0,0.0,0.0,5.0,26.0,87.0,149.42528735632186
11,BE Hendricks,15,2,16,93.75,1,15.0,0,0,0,0,1.0,12.0,1.0,0.0,12.0,100.0,0.0,0.0,0.0,0.0,1.0,3.0,0.0,3.0,4.0,75.0,0.0,0.0,0.0,0.0,2.0,15.0,0.0,0.0,0.0,0.0,1.0,15.0,16.0,93.75
12,JL Denly,40,6,47,85.1063829787234,0,6.666666666666668,2,0,0,0,1.0,0.0,0.0,0.0,1.0,0.0,1.0,0.0,0.0,0.0,5.0,40.0,0.0,8.0,46.0,86.95652173913044,1.0,0.0,0.0,0.0,6.0,40.0,2.0,0.0,0.0,0.0,0.0,6.666666666666668,47.0,85.1063829787234
13,Asghar Stanikzai,946,47,915,103.38797814207649,5,22.523809523809533,2,11,2,0,0.0,0.0,0.0,0.0,0.0,0.0,0.0,0.0,0.0,0.0,47.0,946.0,5.0,22.523809523809533,915.0,103.38797814207649,2.0,11.0,2.0,0.0,10.0,176.0,0.0,2.0,0.0,0.0,0.0,17.6,172.0,102.32558139534883
14,A Zampa,23,5,27,85.18518518518519,3,11.5,0,0,0,0,0.0,0.0,0.0,0.0,0.0,0.0,0.0,0.0,0.0,0.0,5.0,23.0,3.0,11.5,27.0,85.18518518518519,0.0,0.0,0.0,0.0,5.0,23.0,0.0,0.0,0.0,0.0,3.0,11.5,27.0,85.18518518518519
15,CA Young,4,3,7,57.14285714285714,1,2.0,1,0,0,0,2.0,2.0,1.0,2.0,5.0,40.0,1.0,0.0,0.0,0.0,1.0,2.0,0.0,2.0,2.0,100.0,0.0,0.0,0.0,0.0,3.0,4.0,1.0,0.0,0.0,0.0,1.0,2.0,7.0,57.14285714285714
16,C de Grandhomme,178,19,133,133.8345864661654,7,14.833333333333336,2,2,0,0,13.0,107.0,4.0,11.888888888888891,73.0,146.57534246575344,1.0,1.0,0.0,0.0,6.0,71.0,3.0,23.66666666666667,60.0,118.33333333333331,1.0,1.0,0.0,0.0,10.0,86.0,1.0,1.0,0.0,0.0,3.0,12.285714285714285,69.0,124.6376811594203
17,JJ Atkinson,202,12,193,104.66321243523315,0,16.833333333333332,3,2,1,0,2.0,20.0,0.0,10.0,8.0,250.0,1.0,0.0,0.0,0.0,10.0,182.0,0.0,18.2,185.0,98.37837837837836,2.0,2.0,1.0,0.0,10.0,165.0,3.0,1.0,1.0,0.0,0.0,16.5,164.0,100.60975609756098
18,B Regmi,19,6,51,37.25490196078432,1,3.8,1,0,0,0,0.0,0.0,0.0,0.0,0.0,0.0,0.0,0.0,0.0,0.0,6.0,19.0,1.0,3.8,51.0,37.25490196078432,1.0,0.0,0.0,0.0,6.0,19.0,1.0,0.0,0.0,0.0,1.0,3.8,51.0,37.25490196078432
19,RG Sharma,2237,81,1658,134.92159227985522,14,33.38805970149254,6,7,15,4,27.0,712.0,4.0,30.956521739130434,503.0,141.55069582504967,1.0,2.0,1.0,3.0,54.0,1525.0,10.0,34.65909090909091,1155.0,132.03463203463204,5.0,5.0,14.0,1.0,10.0,385.0,1.0,1.0,1.0,2.0,2.0,48.125,262.0,146.94656488549617
20,HH Pandya,271,22,189,143.3862433862434,6,16.9375,2,3,0,0,13.0,121.0,1.0,10.083333333333334,101.0,119.80198019801979,1.0,0.0,0.0,0.0,9.0,150.0,5.0,37.5,88.0,170.45454545454547,1.0,3.0,0.0,0.0,10.0,146.0,0.0,2.0,0.0,0.0,6.0,36.5,82.0,178.04878048780492
21,Imad Wasim,140,18,94,148.93617021276594,7,12.727272727272727,5,0,0,0,4.0,34.0,2.0,17.0,23.0,147.82608695652175,1.0,0.0,0.0,0.0,14.0,106.0,5.0,11.777777777777779,71.0,149.2957746478873,4.0,0.0,0.0,0.0,10.0,54.0,3.0,0.0,0.0,0.0,4.0,9.0,38.0,142.10526315789474
22,DJ Malan,250,5,173,144.50867052023122,0,50.0,0,0,4,0,1.0,78.0,0.0,78.0,46.0,169.56521739130434,0.0,0.0,1.0,0.0,4.0,172.0,0.0,43.0,127.0,135.43307086614172,0.0,0.0,3.0,0.0,5.0,250.0,0.0,0.0,4.0,0.0,0.0,50.0,173.0,144.50867052023122
23,Fakhar Zaman,706,25,516,136.8217054263566,3,32.09090909090909,0,6,4,0,7.0,172.0,2.0,34.4,117.0,147.008547008547,0.0,3.0,0.0,0.0,18.0,534.0,1.0,31.411764705882355,399.0,133.8345864661654,0.0,3.0,4.0,0.0,10.0,371.0,0.0,2.0,3.0,0.0,0.0,37.1,265.0,140.0
24,HG Munsey,449,20,322,139.44099378881987,3,26.411764705882355,4,4,2,0,2.0,25.0,0.0,12.5,26.0,96.15384615384615,1.0,0.0,0.0,0.0,18.0,424.0,3.0,28.266666666666666,296.0,143.24324324324326,3.0,4.0,2.0,0.0,10.0,271.0,1.0,3.0,1.0,0.0,0.0,27.1,192.0,141.14583333333334
25,DM de Silva,215,9,201,106.96517412935324,0,23.88888888888889,0,2,1,0,6.0,167.0,0.0,27.83333333333333,152.0,109.86842105263158,0.0,2.0,1.0,0.0,3.0,48.0,0.0,16.0,49.0,97.95918367346937,0.0,0.0,0.0,0.0,9.0,215.0,0.0,2.0,1.0,0.0,0.0,23.88888888888889,201.0,106.96517412935324
26,JP Duminy,1858,71,1535,121.04234527687296,24,39.53191489361703,6,18,11,0,27.0,594.0,6.0,28.285714285714285,475.0,125.05263157894736,4.0,4.0,4.0,0.0,44.0,1264.0,18.0,48.615384615384606,1060.0,119.24528301886794,2.0,14.0,7.0,0.0,10.0,287.0,0.0,1.0,3.0,0.0,5.0,57.4,213.0,134.74178403755872
27,Hussain Talat,273,11,239,114.22594142259415,2,30.33333333333333,1,4,1,0,3.0,135.0,2.0,135.0,108.0,125.0,0.0,2.0,1.0,0.0,8.0,138.0,0.0,17.25,131.0,105.34351145038168,1.0,2.0,0.0,0.0,10.0,232.0,1.0,3.0,1.0,0.0,1.0,25.777777777777782,200.0,116.0
28,AA Obanda,270,17,255,105.88235294117645,1,16.875,3,1,1,0,4.0,24.0,1.0,8.0,37.0,64.86486486486487,0.0,0.0,0.0,0.0,13.0,246.0,0.0,18.923076923076927,218.0,112.8440366972477,3.0,1.0,1.0,0.0,10.0,145.0,2.0,1.0,0.0,0.0,0.0,14.5,133.0,109.02255639097744
29,T van der Gugten,58,8,52,111.53846153846152,1,8.285714285714286,1,0,0,0,4.0,37.0,1.0,12.333333333333336,21.0,176.19047619047618,1.0,0.0,0.0,0.0,4.0,21.0,0.0,5.25,31.0,67.74193548387096,0.0,0.0,0.0,0.0,8.0,58.0,1.0,0.0,0.0,0.0,1.0,8.285714285714286,52.0,111.53846153846152
30,Q de Kock,874,34,701,124.679029957204,4,29.13333333333333,3,11,2,0,11.0,321.0,2.0,35.666666666666664,251.0,127.88844621513945,0.0,4.0,1.0,0.0,23.0,553.0,2.0,26.33333333333333,450.0,122.88888888888887,3.0,7.0,1.0,0.0,10.0,285.0,1.0,2.0,2.0,0.0,1.0,31.66666666666667,213.0,133.80281690140845
31,HE van der Dussen,69,2,54,127.77777777777777,0,34.5,0,0,1,0,1.0,56.0,0.0,56.0,45.0,124.44444444444444,0.0,0.0,1.0,0.0,1.0,13.0,0.0,13.0,9.0,144.44444444444446,0.0,0.0,0.0,0.0,2.0,69.0,0.0,0.0,1.0,0.0,0.0,34.5,54.0,127.77777777777777
32,Saqib Zulfiqar,1,1,5,20.0,0,1.0,0,0,0,0,1.0,1.0,0.0,1.0,5.0,20.0,0.0,0.0,0.0,0.0,0.0,0.0,0.0,0.0,0.0,0.0,0.0,0.0,0.0,0.0,1.0,1.0,0.0,0.0,0.0,0.0,0.0,1.0,5.0,20.0
33,AR Nurse,72,7,68,105.88235294117645,5,36.0,1,0,0,0,1.0,6.0,1.0,0.0,3.0,200.0,0.0,0.0,0.0,0.0,6.0,66.0,4.0,33.0,65.0,101.53846153846152,1.0,0.0,0.0,0.0,7.0,72.0,1.0,0.0,0.0,0.0,5.0,36.0,68.0,105.88235294117645
34,Shafiul Islam,19,5,27,70.37037037037038,0,3.8,1,0,0,0,1.0,0.0,0.0,0.0,1.0,0.0,1.0,0.0,0.0,0.0,4.0,19.0,0.0,4.75,26.0,73.07692307692308,0.0,0.0,0.0,0.0,5.0,19.0,1.0,0.0,0.0,0.0,0.0,3.8,27.0,70.37037037037038
35,Babar Azam,1031,26,855,120.58479532163744,7,54.26315789473684,0,8,8,0,7.0,378.0,2.0,75.6,270.0,140.0,0.0,3.0,3.0,0.0,19.0,653.0,5.0,46.64285714285714,585.0,111.62393162393164,0.0,5.0,5.0,0.0,10.0,472.0,0.0,2.0,5.0,0.0,2.0,59.0,385.0,122.59740259740259
36,SC Williams,525,25,425,123.52941176470587,3,23.863636363636363,2,3,3,0,10.0,213.0,2.0,26.625,174.0,122.41379310344827,0.0,1.0,1.0,0.0,15.0,312.0,1.0,22.285714285714285,251.0,124.30278884462153,2.0,2.0,2.0,0.0,10.0,196.0,1.0,2.0,1.0,0.0,0.0,19.6,172.0,113.953488372093
37,Sharafuddin Ashraf,19,2,19,100.0,0,9.5,0,0,0,0,0.0,0.0,0.0,0.0,0.0,0.0,0.0,0.0,0.0,0.0,2.0,19.0,0.0,9.5,19.0,100.0,0.0,0.0,0.0,0.0,2.0,19.0,0.0,0.0,0.0,0.0,0.0,9.5,19.0,100.0
38,CJ Dala,14,3,22,63.63636363636363,3,inf,1,0,0,0,2.0,2.0,2.0,0.0,4.0,50.0,1.0,0.0,0.0,0.0,1.0,12.0,1.0,0.0,18.0,66.66666666666667,0.0,0.0,0.0,0.0,3.0,14.0,1.0,0.0,0.0,0.0,3.0,0.0,22.0,63.63636363636363
39,PHKD Mendis,24,1,14,171.42857142857142,0,24.0,0,0,0,0,1.0,24.0,0.0,24.0,14.0,171.42857142857142,0.0,0.0,0.0,0.0,0.0,0.0,0.0,0.0,0.0,0.0,0.0,0.0,0.0,0.0,1.0,24.0,0.0,0.0,0.0,0.0,0.0,24.0,14.0,171.42857142857142
40,MS Dhoni,1487,79,1214,122.48764415156508,43,41.305555555555564,2,14,2,0,28.0,601.0,14.0,42.92857142857143,471.0,127.60084925690022,0.0,7.0,1.0,0.0,51.0,886.0,29.0,40.27272727272727,743.0,119.24629878869447,2.0,7.0,1.0,0.0,10.0,262.0,0.0,3.0,1.0,0.0,5.0,52.4,179.0,146.36871508379892
41,Sufyan Mehmood,13,1,32,40.625,1,inf,0,0,0,0,0.0,0.0,0.0,0.0,0.0,0.0,0.0,0.0,0.0,0.0,1.0,13.0,1.0,0.0,32.0,40.625,0.0,0.0,0.0,0.0,1.0,13.0,0.0,0.0,0.0,0.0,1.0,0.0,32.0,40.625
42,SPD Smith,431,25,361,119.39058171745151,6,22.684210526315788,1,2,2,0,6.0,99.0,1.0,19.8,83.0,119.27710843373494,0.0,1.0,0.0,0.0,19.0,332.0,5.0,23.714285714285715,278.0,119.42446043165468,1.0,1.0,2.0,0.0,10.0,266.0,0.0,1.0,2.0,0.0,1.0,29.555555555555557,208.0,127.8846153846154
43,BKG Mendis,333,16,231,144.15584415584416,1,22.2,0,0,4,0,8.0,163.0,0.0,20.375,117.0,139.31623931623932,0.0,0.0,2.0,0.0,8.0,170.0,1.0,24.285714285714285,114.0,149.12280701754386,0.0,0.0,2.0,0.0,10.0,278.0,0.0,0.0,4.0,0.0,0.0,27.8,187.0,148.6631016042781
44,Shafiqullah,336,30,252,133.33333333333334,10,16.8,4,3,1,0,0.0,0.0,0.0,0.0,0.0,0.0,0.0,0.0,0.0,0.0,30.0,336.0,10.0,16.8,252.0,133.33333333333334,4.0,3.0,1.0,0.0,10.0,56.0,3.0,0.0,0.0,0.0,3.0,8.0,46.0,121.7391304347826
45,Rameez Shahzad,218,9,197,110.65989847715737,3,36.333333333333336,1,3,0,0,9.0,218.0,3.0,36.333333333333336,197.0,110.65989847715737,1.0,3.0,0.0,0.0,0.0,0.0,0.0,0.0,0.0,0.0,0.0,0.0,0.0,0.0,9.0,218.0,1.0,3.0,0.0,0.0,3.0,36.333333333333336,197.0,110.65989847715737
46,SA Abbott,5,1,9,55.555555555555564,0,5.0,0,0,0,0,1.0,5.0,0.0,5.0,9.0,55.555555555555564,0.0,0.0,0.0,0.0,0.0,0.0,0.0,0.0,0.0,0.0,0.0,0.0,0.0,0.0,1.0,5.0,0.0,0.0,0.0,0.0,0.0,5.0,9.0,55.555555555555564
47,Ashfaq Ahmed,0,1,3,0.0,0,0.0,1,0,0,0,1.0,0.0,0.0,0.0,3.0,0.0,1.0,0.0,0.0,0.0,0.0,0.0,0.0,0.0,0.0,0.0,0.0,0.0,0.0,0.0,1.0,0.0,1.0,0.0,0.0,0.0,0.0,0.0,3.0,0.0
48,GJ Maxwell,1345,51,898,149.7772828507795,8,31.27906976744186,2,9,5,2,14.0,323.0,3.0,29.363636363636363,234.0,138.03418803418805,1.0,3.0,0.0,1.0,37.0,1022.0,5.0,31.9375,664.0,153.9156626506024,1.0,6.0,5.0,1.0,10.0,253.0,0.0,2.0,2.0,0.0,0.0,25.3,210.0,120.4761904761905
49,GH O'Brien,7,1,7,100.0,1,inf,0,0,0,0,0.0,0.0,0.0,0.0,0.0,0.0,0.0,0.0,0.0,0.0,1.0,7.0,1.0,0.0,7.0,100.0,0.0,0.0,0.0,0.0,1.0,7.0,0.0,0.0,0.0,0.0,1.0,0.0,7.0,100.0
50,Sompal Kami,77,6,76,101.31578947368419,1,15.4,1,1,0,0,0.0,0.0,0.0,0.0,0.0,0.0,0.0,0.0,0.0,0.0,6.0,77.0,1.0,15.4,76.0,101.31578947368419,1.0,1.0,0.0,0.0,6.0,77.0,1.0,1.0,0.0,0.0,1.0,15.4,76.0,101.31578947368419
51,FJ Klaassen,2,2,2,100.0,1,2.0,0,0,0,0,2.0,2.0,1.0,2.0,2.0,100.0,0.0,0.0,0.0,0.0,0.0,0.0,0.0,0.0,0.0,0.0,0.0,0.0,0.0,0.0,2.0,2.0,0.0,0.0,0.0,0.0,1.0,2.0,2.0,100.0
52,B Bhandari,13,8,30,43.33333333333334,1,1.8571428571428568,2,0,0,0,0.0,0.0,0.0,0.0,0.0,0.0,0.0,0.0,0.0,0.0,8.0,13.0,1.0,1.8571428571428568,30.0,43.33333333333334,2.0,0.0,0.0,0.0,8.0,13.0,2.0,0.0,0.0,0.0,1.0,1.8571428571428568,30.0,43.33333333333334
53,Ahmed Raza,41,8,75,54.66666666666666,3,8.2,2,0,0,0,4.0,27.0,2.0,13.5,48.0,56.25,0.0,0.0,0.0,0.0,4.0,14.0,1.0,4.666666666666667,27.0,51.85185185185186,2.0,0.0,0.0,0.0,8.0,41.0,2.0,0.0,0.0,0.0,3.0,8.2,75.0,54.66666666666666
54,SL Malinga,78,21,101,77.22772277227723,8,6.0,6,0,0,0,8.0,16.0,2.0,2.6666666666666665,35.0,45.714285714285715,4.0,0.0,0.0,0.0,13.0,62.0,6.0,8.857142857142858,66.0,93.93939393939394,2.0,0.0,0.0,0.0,10.0,15.0,4.0,0.0,0.0,0.0,1.0,1.6666666666666667,38.0,39.473684210526315
55,PM Seelaar,129,17,137,94.16058394160584,6,11.727272727272727,0,1,0,0,6.0,80.0,4.0,40.0,73.0,109.58904109589041,0.0,1.0,0.0,0.0,11.0,49.0,2.0,5.4444444444444455,64.0,76.5625,0.0,0.0,0.0,0.0,10.0,108.0,0.0,1.0,0.0,0.0,4.0,18.0,106.0,101.8867924528302
56,RR Hendricks,313,14,276,113.40579710144928,0,22.357142857142854,2,3,1,0,6.0,198.0,0.0,33.0,162.0,122.22222222222223,0.0,2.0,1.0,0.0,8.0,115.0,0.0,14.375,114.0,100.87719298245615,2.0,1.0,0.0,0.0,10.0,234.0,1.0,2.0,1.0,0.0,0.0,23.4,191.0,122.5130890052356
57,S Dhawan,1232,45,952,129.41176470588235,4,30.04878048780488,1,9,9,0,18.0,437.0,2.0,27.3125,371.0,117.78975741239893,0.0,3.0,3.0,0.0,27.0,795.0,2.0,31.8,581.0,136.83304647160068,1.0,6.0,6.0,0.0,10.0,358.0,0.0,2.0,3.0,0.0,0.0,35.8,254.0,140.94488188976382
58,TP Visee,97,8,74,131.0810810810811,0,12.125,2,0,0,0,5.0,86.0,0.0,17.2,62.0,138.70967741935485,0.0,0.0,0.0,0.0,3.0,11.0,0.0,3.6666666666666665,12.0,91.66666666666669,2.0,0.0,0.0,0.0,8.0,97.0,2.0,0.0,0.0,0.0,0.0,12.125,74.0,131.0810810810811
59,DJ Bravo,1142,58,1013,112.7344521224087,13,25.377777777777773,5,9,4,0,18.0,345.0,5.0,26.538461538461537,366.0,94.2622950819672,0.0,3.0,0.0,0.0,40.0,797.0,8.0,24.90625,647.0,123.18392581143739,5.0,6.0,4.0,0.0,10.0,182.0,0.0,1.0,1.0,0.0,1.0,20.222222222222218,191.0,95.28795811518324
60,KS Williamson,1424,52,1193,119.36295054484494,10,33.904761904761905,2,10,9,0,22.0,679.0,6.0,42.4375,554.0,122.56317689530684,1.0,3.0,6.0,0.0,30.0,745.0,4.0,28.653846153846153,639.0,116.58841940532082,1.0,7.0,3.0,0.0,10.0,215.0,1.0,1.0,2.0,0.0,0.0,21.5,199.0,108.04020100502512
61,GJ Thompson,75,7,80,93.75,1,12.5,2,1,0,0,1.0,44.0,0.0,44.0,32.0,137.5,0.0,1.0,0.0,0.0,6.0,31.0,1.0,6.2,48.0,64.58333333333333,2.0,0.0,0.0,0.0,7.0,75.0,2.0,1.0,0.0,0.0,1.0,12.5,80.0,93.75
62,BJ McCarthy,11,2,7,157.14285714285714,1,11.0,1,0,0,0,0.0,0.0,0.0,0.0,0.0,0.0,0.0,0.0,0.0,0.0,2.0,11.0,1.0,11.0,7.0,157.14285714285714,1.0,0.0,0.0,0.0,2.0,11.0,1.0,0.0,0.0,0.0,1.0,11.0,7.0,157.14285714285714
63,Sikandar Raza,382,27,365,104.65753424657534,2,15.28,0,3,1,0,11.0,221.0,1.0,22.1,203.0,108.86699507389164,0.0,2.0,1.0,0.0,16.0,161.0,1.0,10.733333333333333,162.0,99.38271604938272,0.0,1.0,0.0,0.0,10.0,104.0,0.0,1.0,0.0,0.0,2.0,13.0,98.0,106.12244897959185
64,SS Iyer,83,5,81,102.46913580246914,1,20.75,1,1,0,0,5.0,83.0,1.0,20.75,81.0,102.46913580246914,1.0,1.0,0.0,0.0,0.0,0.0,0.0,0.0,0.0,0.0,0.0,0.0,0.0,0.0,5.0,83.0,1.0,1.0,0.0,0.0,1.0,20.75,81.0,102.46913580246914
65,T Maruma,72,6,64,112.5,3,24.0,1,0,0,0,3.0,33.0,1.0,16.5,30.0,110.0,1.0,0.0,0.0,0.0,3.0,39.0,2.0,39.0,34.0,114.70588235294115,0.0,0.0,0.0,0.0,6.0,72.0,1.0,0.0,0.0,0.0,3.0,24.0,64.0,112.5
66,Rizwan Cheema,63,10,73,86.3013698630137,0,6.3,3,1,0,0,0.0,0.0,0.0,0.0,0.0,0.0,0.0,0.0,0.0,0.0,10.0,63.0,0.0,6.3,73.0,86.3013698630137,3.0,1.0,0.0,0.0,10.0,63.0,3.0,1.0,0.0,0.0,0.0,6.3,73.0,86.3013698630137
67,Hamza Tariq,26,2,23,113.04347826086956,0,13.0,0,0,0,0,0.0,0.0,0.0,0.0,0.0,0.0,0.0,0.0,0.0,0.0,2.0,26.0,0.0,13.0,23.0,113.04347826086956,0.0,0.0,0.0,0.0,2.0,26.0,0.0,0.0,0.0,0.0,0.0,13.0,23.0,113.04347826086956
68,KD Karthik,352,21,257,136.96498054474708,11,35.2,2,5,0,0,4.0,58.0,4.0,0.0,49.0,118.36734693877553,0.0,1.0,0.0,0.0,17.0,294.0,7.0,29.4,208.0,141.34615384615384,2.0,4.0,0.0,0.0,10.0,181.0,1.0,3.0,0.0,0.0,7.0,60.33333333333334,122.0,148.36065573770492
69,JO Holder,42,4,37,113.5135135135135,1,14.0,1,0,0,0,3.0,40.0,1.0,20.0,33.0,121.21212121212122,1.0,0.0,0.0,0.0,1.0,2.0,0.0,2.0,4.0,50.0,0.0,0.0,0.0,0.0,4.0,42.0,1.0,0.0,0.0,0.0,1.0,14.0,37.0,113.5135135135135
70,AV Lalcheta,71,7,58,122.41379310344827,3,17.75,0,0,0,0,0.0,0.0,0.0,0.0,0.0,0.0,0.0,0.0,0.0,0.0,7.0,71.0,3.0,17.75,58.0,122.41379310344827,0.0,0.0,0.0,0.0,7.0,71.0,0.0,0.0,0.0,0.0,3.0,17.75,58.0,122.41379310344827
71,L Ngidi,6,2,9,66.66666666666667,1,6.0,0,0,0,0,1.0,2.0,1.0,0.0,3.0,66.66666666666667,0.0,0.0,0.0,0.0,1.0,4.0,0.0,4.0,6.0,66.66666666666667,0.0,0.0,0.0,0.0,2.0,6.0,0.0,0.0,0.0,0.0,1.0,6.0,9.0,66.66666666666667
72,SHA Rance,2,2,4,50.0,0,1.0,0,0,0,0,1.0,1.0,0.0,1.0,2.0,50.0,0.0,0.0,0.0,0.0,1.0,1.0,0.0,1.0,2.0,50.0,0.0,0.0,0.0,0.0,2.0,2.0,0.0,0.0,0.0,0.0,0.0,1.0,4.0,50.0
73,MP O'Dowd,155,10,130,119.23076923076924,2,19.375,0,2,0,0,4.0,93.0,0.0,23.25,74.0,125.67567567567568,0.0,2.0,0.0,0.0,6.0,62.0,2.0,15.5,56.0,110.71428571428572,0.0,0.0,0.0,0.0,10.0,155.0,0.0,2.0,0.0,0.0,2.0,19.375,130.0,119.23076923076924
74,Aqib Ilyas,94,4,69,136.231884057971,2,47.0,0,0,1,0,0.0,0.0,0.0,0.0,0.0,0.0,0.0,0.0,0.0,0.0,4.0,94.0,2.0,47.0,69.0,136.231884057971,0.0,0.0,1.0,0.0,4.0,94.0,0.0,0.0,1.0,0.0,2.0,47.0,69.0,136.231884057971
75,BA Stokes,232,20,182,127.47252747252749,5,15.466666666666667,1,2,0,0,6.0,83.0,3.0,27.66666666666667,61.0,136.0655737704918,0.0,1.0,0.0,0.0,14.0,149.0,2.0,12.416666666666664,121.0,123.14049586776859,1.0,1.0,0.0,0.0,10.0,131.0,0.0,1.0,0.0,0.0,2.0,16.375,112.0,116.96428571428572
76,A Dananjaya,31,6,38,81.57894736842105,2,7.75,0,0,0,0,3.0,8.0,1.0,4.0,19.0,42.10526315789474,0.0,0.0,0.0,0.0,3.0,23.0,1.0,11.5,19.0,121.05263157894736,0.0,0.0,0.0,0.0,6.0,31.0,0.0,0.0,0.0,0.0,2.0,7.75,38.0,81.57894736842105
77,XM Marshall,96,6,82,117.07317073170731,0,16.0,1,1,0,0,1.0,36.0,0.0,36.0,16.0,225.0,0.0,1.0,0.0,0.0,5.0,60.0,0.0,12.0,66.0,90.9090909090909,1.0,0.0,0.0,0.0,6.0,96.0,1.0,1.0,0.0,0.0,0.0,16.0,82.0,117.07317073170731
78,T Shamsi,0,2,4,0.0,1,0.0,2,0,0,0,1.0,0.0,1.0,0.0,2.0,0.0,1.0,0.0,0.0,0.0,1.0,0.0,0.0,0.0,2.0,0.0,1.0,0.0,0.0,0.0,2.0,0.0,2.0,0.0,0.0,0.0,1.0,0.0,4.0,0.0
79,Mohammad Naveed,164,19,129,127.13178294573645,8,14.909090909090908,3,0,0,0,11.0,88.0,4.0,12.571428571428573,66.0,133.33333333333334,3.0,0.0,0.0,0.0,8.0,76.0,4.0,19.0,63.0,120.63492063492063,0.0,0.0,0.0,0.0,10.0,95.0,2.0,0.0,0.0,0.0,5.0,19.0,59.0,161.0169491525424
80,YS Chahal,3,1,2,150.0,1,inf,0,0,0,0,1.0,3.0,1.0,0.0,2.0,150.0,0.0,0.0,0.0,0.0,0.0,0.0,0.0,0.0,0.0,0.0,0.0,0.0,0.0,0.0,1.0,3.0,0.0,0.0,0.0,0.0,1.0,0.0,2.0,150.0
81,Mushfiqur Rahim,1075,64,917,117.2300981461287,14,21.5,3,5,4,0,25.0,454.0,3.0,20.63636363636364,396.0,114.64646464646464,0.0,2.0,2.0,0.0,39.0,621.0,11.0,22.178571428571423,521.0,119.19385796545107,3.0,3.0,2.0,0.0,10.0,143.0,0.0,1.0,0.0,0.0,0.0,14.3,135.0,105.92592592592592
82,BFW de Leede,48,3,62,77.4193548387097,0,16.0,0,1,0,0,3.0,48.0,0.0,16.0,62.0,77.4193548387097,0.0,1.0,0.0,0.0,0.0,0.0,0.0,0.0,0.0,0.0,0.0,0.0,0.0,0.0,3.0,48.0,0.0,1.0,0.0,0.0,0.0,16.0,62.0,77.4193548387097
83,DJM Short,515,18,438,117.57990867579909,3,34.333333333333336,1,4,4,0,6.0,117.0,1.0,23.4,103.0,113.59223300970874,1.0,3.0,0.0,0.0,12.0,398.0,2.0,39.8,335.0,118.80597014925371,0.0,1.0,4.0,0.0,10.0,242.0,1.0,1.0,2.0,0.0,2.0,30.25,228.0,106.14035087719299
84,CH Morris,77,11,75,102.66666666666669,1,7.7,3,0,0,0,6.0,32.0,1.0,6.4,28.0,114.28571428571428,2.0,0.0,0.0,0.0,5.0,45.0,0.0,9.0,47.0,95.74468085106385,1.0,0.0,0.0,0.0,10.0,77.0,2.0,0.0,0.0,0.0,1.0,8.555555555555555,74.0,104.05405405405405
85,GC Wilson,928,47,894,103.80313199105144,6,22.63414634146341,4,8,3,0,9.0,163.0,1.0,20.375,179.0,91.06145251396649,1.0,2.0,0.0,0.0,38.0,765.0,5.0,23.181818181818183,715.0,106.99300699300699,3.0,6.0,3.0,0.0,10.0,264.0,0.0,2.0,2.0,0.0,1.0,29.33333333333333,222.0,118.91891891891892
86,Waqas Barkat,83,8,97,85.56701030927834,1,11.857142857142858,1,1,0,0,1.0,4.0,0.0,4.0,9.0,44.444444444444436,0.0,0.0,0.0,0.0,7.0,79.0,1.0,13.166666666666664,88.0,89.77272727272727,1.0,1.0,0.0,0.0,8.0,83.0,1.0,1.0,0.0,0.0,1.0,11.857142857142858,97.0,85.56701030927834
87,Mahedi Hasan,11,1,11,100.0,0,11.0,0,0,0,0,1.0,11.0,0.0,11.0,11.0,100.0,0.0,0.0,0.0,0.0,0.0,0.0,0.0,0.0,0.0,0.0,0.0,0.0,0.0,0.0,1.0,11.0,0.0,0.0,0.0,0.0,0.0,11.0,11.0,100.0
88,Bilal Khan,5,2,3,166.66666666666666,2,inf,0,0,0,0,0.0,0.0,0.0,0.0,0.0,0.0,0.0,0.0,0.0,0.0,2.0,5.0,2.0,0.0,3.0,166.66666666666666,0.0,0.0,0.0,0.0,2.0,5.0,0.0,0.0,0.0,0.0,2.0,0.0,3.0,166.66666666666666
89,HM Nicholls,15,3,22,68.18181818181819,0,5.0,0,0,0,0,0.0,0.0,0.0,0.0,0.0,0.0,0.0,0.0,0.0,0.0,3.0,15.0,0.0,5.0,22.0,68.18181818181819,0.0,0.0,0.0,0.0,3.0,15.0,0.0,0.0,0.0,0.0,0.0,5.0,22.0,68.18181818181819
90,Rashid Khan,110,15,91,120.87912087912089,6,12.222222222222221,3,1,0,0,0.0,0.0,0.0,0.0,0.0,0.0,0.0,0.0,0.0,0.0,15.0,110.0,6.0,12.222222222222221,91.0,120.87912087912089,3.0,1.0,0.0,0.0,10.0,61.0,3.0,1.0,0.0,0.0,3.0,8.714285714285714,55.0,110.9090909090909
91,G Malla,121,9,118,102.54237288135592,0,13.444444444444445,1,1,0,0,0.0,0.0,0.0,0.0,0.0,0.0,0.0,0.0,0.0,0.0,9.0,121.0,0.0,13.444444444444445,118.0,102.54237288135592,1.0,1.0,0.0,0.0,9.0,121.0,1.0,1.0,0.0,0.0,0.0,13.444444444444445,118.0,102.54237288135592
92,CO Obuya,370,19,369,100.27100271002709,6,28.461538461538463,2,3,2,0,5.0,89.0,1.0,22.25,92.0,96.7391304347826,0.0,1.0,0.0,0.0,14.0,281.0,5.0,31.222222222222218,277.0,101.44404332129965,2.0,2.0,2.0,0.0,10.0,255.0,1.0,2.0,2.0,0.0,4.0,42.5,233.0,109.44206008583693
93,TC Bruce,226,14,181,124.8618784530387,2,18.83333333333333,0,1,1,0,10.0,191.0,1.0,21.222222222222218,153.0,124.83660130718954,0.0,1.0,1.0,0.0,4.0,35.0,1.0,11.666666666666664,28.0,125.0,0.0,0.0,0.0,0.0,10.0,122.0,0.0,0.0,0.0,0.0,1.0,13.555555555555555,100.0,122.0
94,MM Ali,235,21,204,115.19607843137257,5,14.6875,6,2,1,0,4.0,91.0,2.0,45.5,71.0,128.16901408450704,1.0,0.0,1.0,0.0,17.0,144.0,3.0,10.285714285714286,133.0,108.27067669172932,5.0,2.0,0.0,0.0,10.0,106.0,1.0,1.0,0.0,0.0,4.0,17.666666666666668,92.0,115.21739130434784
95,A Vala,128,8,153,83.66013071895425,1,18.285714285714285,0,2,0,0,0.0,0.0,0.0,0.0,0.0,0.0,0.0,0.0,0.0,0.0,8.0,128.0,1.0,18.285714285714285,153.0,83.66013071895425,0.0,2.0,0.0,0.0,8.0,128.0,0.0,2.0,0.0,0.0,1.0,18.285714285714285,153.0,83.66013071895425
96,S Samarawickrama,85,5,84,101.1904761904762,0,17.0,0,1,0,0,0.0,0.0,0.0,0.0,0.0,0.0,0.0,0.0,0.0,0.0,5.0,85.0,0.0,17.0,84.0,101.1904761904762,0.0,1.0,0.0,0.0,5.0,85.0,0.0,1.0,0.0,0.0,0.0,17.0,84.0,101.1904761904762
97,BN Cooper,417,24,364,114.56043956043956,5,21.947368421052627,4,3,2,0,6.0,120.0,0.0,20.0,98.0,122.44897959183672,1.0,0.0,1.0,0.0,18.0,297.0,5.0,22.84615384615385,266.0,111.65413533834587,3.0,3.0,1.0,0.0,10.0,205.0,2.0,1.0,1.0,0.0,1.0,22.777777777777782,177.0,115.81920903954806
98,Sabbir Rahman,906,39,770,117.66233766233766,5,26.64705882352941,1,7,4,0,19.0,458.0,4.0,30.53333333333333,396.0,115.65656565656565,0.0,4.0,3.0,0.0,20.0,448.0,1.0,23.578947368421048,374.0,119.78609625668447,1.0,3.0,1.0,0.0,10.0,204.0,1.0,1.0,1.0,0.0,0.0,20.4,169.0,120.71005917159763
99,RJ Trott,0,1,5,0.0,0,0.0,1,0,0,0,0.0,0.0,0.0,0.0,0.0,0.0,0.0,0.0,0.0,0.0,1.0,0.0,0.0,0.0,5.0,0.0,1.0,0.0,0.0,0.0,1.0,0.0,1.0,0.0,0.0,0.0,0.0,0.0,5.0,0.0
100,R Powell,221,15,196,112.75510204081631,2,17.0,1,1,1,0,4.0,22.0,2.0,11.0,19.0,115.7894736842105,1.0,0.0,0.0,0.0,11.0,199.0,0.0,18.09090909090909,177.0,112.42937853107344,0.0,1.0,1.0,0.0,10.0,180.0,0.0,1.0,1.0,0.0,1.0,20.0,157.0,114.64968152866243
101,Shakib Al Hasan,1385,66,1143,121.17235345581804,8,23.87931034482759,5,10,8,0,26.0,556.0,6.0,27.8,479.0,116.07515657620041,3.0,5.0,3.0,0.0,40.0,829.0,2.0,21.815789473684212,664.0,124.84939759036145,2.0,5.0,5.0,0.0,10.0,233.0,1.0,1.0,2.0,0.0,1.0,25.88888888888889,182.0,128.021978021978
102,WP Masakadza,25,6,31,80.64516129032258,4,12.5,0,0,0,0,2.0,7.0,1.0,7.0,4.0,175.0,0.0,0.0,0.0,0.0,4.0,18.0,3.0,18.0,27.0,66.66666666666667,0.0,0.0,0.0,0.0,6.0,25.0,0.0,0.0,0.0,0.0,4.0,12.5,31.0,80.64516129032258
103,Wahab Riaz,126,11,108,116.66666666666669,2,14.0,1,1,0,0,0.0,0.0,0.0,0.0,0.0,0.0,0.0,0.0,0.0,0.0,11.0,126.0,2.0,14.0,108.0,116.66666666666669,1.0,1.0,0.0,0.0,10.0,96.0,1.0,0.0,0.0,0.0,1.0,10.666666666666666,87.0,110.34482758620688
104,Mustafizur Rahman,27,12,47,57.44680851063829,5,3.8571428571428568,5,0,0,0,6.0,17.0,1.0,3.4,28.0,60.714285714285715,2.0,0.0,0.0,0.0,6.0,10.0,4.0,5.0,19.0,52.631578947368425,3.0,0.0,0.0,0.0,10.0,26.0,4.0,0.0,0.0,0.0,5.0,5.2,39.0,66.66666666666667
105,LRPL Taylor,1467,76,1256,116.79936305732485,18,25.29310344827586,4,10,5,0,27.0,487.0,7.0,24.35,403.0,120.84367245657567,2.0,5.0,1.0,0.0,49.0,980.0,11.0,25.78947368421053,853.0,114.88862837045721,2.0,5.0,4.0,0.0,10.0,191.0,0.0,2.0,0.0,0.0,6.0,47.75,158.0,120.88607594936708
106,Mohammad Hafeez,1883,85,1661,113.36544250451536,11,25.44594594594595,6,15,10,0,1.0,12.0,0.0,12.0,11.0,109.0909090909091,0.0,0.0,0.0,0.0,84.0,1871.0,11.0,25.63013698630137,1650.0,113.3939393939394,6.0,15.0,10.0,0.0,10.0,289.0,1.0,5.0,1.0,0.0,4.0,48.16666666666666,231.0,125.10822510822511
107,Shahid Wasif,49,4,34,144.11764705882354,2,24.5,0,1,0,0,0.0,0.0,0.0,0.0,0.0,0.0,0.0,0.0,0.0,0.0,4.0,49.0,2.0,24.5,34.0,144.11764705882354,0.0,1.0,0.0,0.0,4.0,49.0,0.0,1.0,0.0,0.0,2.0,24.5,34.0,144.11764705882354
108,PJ Moor,238,14,197,120.81218274111677,3,21.63636363636364,0,4,0,0,5.0,108.0,0.0,21.6,100.0,108.0,0.0,2.0,0.0,0.0,9.0,130.0,3.0,21.66666666666667,97.0,134.02061855670104,0.0,2.0,0.0,0.0,10.0,185.0,0.0,3.0,0.0,0.0,2.0,23.125,146.0,126.71232876712328
109,S Bau,94,5,89,105.61797752808987,1,23.5,1,1,0,0,0.0,0.0,0.0,0.0,0.0,0.0,0.0,0.0,0.0,0.0,5.0,94.0,1.0,23.5,89.0,105.61797752808987,1.0,1.0,0.0,0.0,5.0,94.0,1.0,1.0,0.0,0.0,1.0,23.5,89.0,105.61797752808987
110,KM Jarvis,10,6,30,33.333333333333336,1,2.0,4,0,0,0,2.0,0.0,0.0,0.0,3.0,0.0,2.0,0.0,0.0,0.0,4.0,10.0,1.0,3.333333333333333,27.0,37.03703703703704,2.0,0.0,0.0,0.0,6.0,10.0,4.0,0.0,0.0,0.0,1.0,2.0,30.0,33.333333333333336
111,SO Ngoche,49,8,59,83.0508474576271,4,12.25,2,1,0,0,2.0,5.0,1.0,5.0,9.0,55.555555555555564,0.0,0.0,0.0,0.0,6.0,44.0,3.0,14.666666666666664,50.0,88.0,2.0,1.0,0.0,0.0,8.0,49.0,2.0,1.0,0.0,0.0,4.0,12.25,59.0,83.0508474576271
112,GH Dockrell,125,20,124,100.80645161290323,7,9.615384615384617,3,0,0,0,8.0,64.0,2.0,10.666666666666666,55.0,116.36363636363636,1.0,0.0,0.0,0.0,12.0,61.0,5.0,8.714285714285714,69.0,88.40579710144928,2.0,0.0,0.0,0.0,10.0,72.0,0.0,0.0,0.0,0.0,4.0,12.0,71.0,101.40845070422537
113,RAS Lakmal,7,4,8,87.5,2,3.5,1,0,0,0,2.0,6.0,1.0,6.0,6.0,100.0,0.0,0.0,0.0,0.0,2.0,1.0,1.0,1.0,2.0,50.0,1.0,0.0,0.0,0.0,4.0,7.0,1.0,0.0,0.0,0.0,2.0,3.5,8.0,87.5
114,TA Boult,14,6,24,58.33333333333334,2,3.5,1,0,0,0,4.0,6.0,2.0,3.0,11.0,54.54545454545455,1.0,0.0,0.0,0.0,2.0,8.0,0.0,4.0,13.0,61.53846153846154,0.0,0.0,0.0,0.0,6.0,14.0,1.0,0.0,0.0,0.0,2.0,3.5,24.0,58.33333333333334
115,KJ O'Brien,706,52,621,113.68760064412237,10,16.80952380952381,8,11,0,0,12.0,147.0,3.0,16.333333333333332,124.0,118.54838709677419,2.0,3.0,0.0,0.0,40.0,559.0,7.0,16.939393939393938,497.0,112.47484909456742,6.0,8.0,0.0,0.0,10.0,81.0,1.0,0.0,0.0,0.0,1.0,9.0,74.0,109.45945945945944
116,Mohammad Nabi,989,56,717,137.93584379358435,11,21.97777777777777,2,11,2,0,0.0,0.0,0.0,0.0,0.0,0.0,0.0,0.0,0.0,0.0,56.0,989.0,11.0,21.97777777777777,717.0,137.93584379358435,2.0,11.0,2.0,0.0,10.0,275.0,0.0,4.0,1.0,0.0,2.0,34.375,165.0,166.66666666666666
117,L Tucker,43,4,42,102.38095238095238,1,14.333333333333336,0,0,0,0,1.0,4.0,0.0,4.0,9.0,44.444444444444436,0.0,0.0,0.0,0.0,3.0,39.0,1.0,19.5,33.0,118.1818181818182,0.0,0.0,0.0,0.0,4.0,43.0,0.0,0.0,0.0,0.0,1.0,14.333333333333336,42.0,102.38095238095238
118,Liton Das,361,17,271,133.21033210332106,1,22.5625,1,3,2,0,6.0,158.0,0.0,26.33333333333333,115.0,137.3913043478261,0.0,1.0,1.0,0.0,11.0,203.0,1.0,20.3,156.0,130.12820512820514,1.0,2.0,1.0,0.0,10.0,219.0,1.0,1.0,2.0,0.0,1.0,24.33333333333333,157.0,139.49044585987258
119,AT Carey,125,12,102,122.54901960784314,3,13.888888888888891,0,1,0,0,4.0,44.0,1.0,14.666666666666664,37.0,118.91891891891892,0.0,0.0,0.0,0.0,8.0,81.0,2.0,13.5,65.0,124.6153846153846,0.0,1.0,0.0,0.0,10.0,119.0,0.0,1.0,0.0,0.0,1.0,13.222222222222221,96.0,123.95833333333331
120,KW Richardson,9,2,8,112.5,0,4.5,1,0,0,0,1.0,9.0,0.0,9.0,7.0,128.57142857142858,0.0,0.0,0.0,0.0,1.0,0.0,0.0,0.0,1.0,0.0,1.0,0.0,0.0,0.0,2.0,9.0,1.0,0.0,0.0,0.0,0.0,4.5,8.0,112.5
121,NM Odhiambo,46,4,74,62.16216216216216,2,23.0,0,0,0,0,2.0,7.0,2.0,0.0,5.0,140.0,0.0,0.0,0.0,0.0,2.0,39.0,0.0,19.5,69.0,56.52173913043478,0.0,0.0,0.0,0.0,4.0,46.0,0.0,0.0,0.0,0.0,2.0,23.0,74.0,62.16216216216216
122,SW Billings,209,16,159,131.44654088050314,1,13.933333333333335,1,0,1,0,4.0,38.0,0.0,9.5,33.0,115.15151515151516,0.0,0.0,0.0,0.0,12.0,171.0,1.0,15.545454545454545,126.0,135.71428571428572,1.0,0.0,1.0,0.0,10.0,110.0,1.0,0.0,0.0,0.0,0.0,11.0,93.0,118.27956989247312
123,Naseem Khushi,54,3,38,142.10526315789474,0,18.0,1,0,0,0,0.0,0.0,0.0,0.0,0.0,0.0,0.0,0.0,0.0,0.0,3.0,54.0,0.0,18.0,38.0,142.10526315789474,1.0,0.0,0.0,0.0,3.0,54.0,1.0,0.0,0.0,0.0,0.0,18.0,38.0,142.10526315789474
124,J Little,1,3,7,14.285714285714285,1,0.5,2,0,0,0,3.0,1.0,1.0,0.5,7.0,14.285714285714285,2.0,0.0,0.0,0.0,0.0,0.0,0.0,0.0,0.0,0.0,0.0,0.0,0.0,0.0,3.0,1.0,2.0,0.0,0.0,0.0,1.0,0.5,7.0,14.285714285714285
125,CJ Jordan,168,21,149,112.75167785234899,8,12.923076923076925,3,0,0,0,4.0,14.0,1.0,4.666666666666667,16.0,87.5,1.0,0.0,0.0,0.0,17.0,154.0,7.0,15.4,133.0,115.7894736842105,2.0,0.0,0.0,0.0,10.0,40.0,3.0,0.0,0.0,0.0,6.0,10.0,35.0,114.28571428571428
126,IS Sodhi,50,5,50,100.0,2,16.666666666666668,1,0,0,0,2.0,28.0,0.0,14.0,28.0,100.0,0.0,0.0,0.0,0.0,3.0,22.0,2.0,22.0,22.0,100.0,1.0,0.0,0.0,0.0,5.0,50.0,1.0,0.0,0.0,0.0,2.0,16.666666666666668,50.0,100.0
127,DA Miller,1153,56,863,133.603707995365,17,29.56410256410257,0,12,1,1,27.0,599.0,7.0,29.95,448.0,133.70535714285714,0.0,7.0,1.0,0.0,29.0,554.0,10.0,29.157894736842106,415.0,133.49397590361446,0.0,5.0,0.0,1.0,10.0,279.0,0.0,2.0,0.0,1.0,3.0,39.857142857142854,200.0,139.5
128,V Shankar,17,1,20,85.0,0,17.0,0,0,0,0,0.0,0.0,0.0,0.0,0.0,0.0,0.0,0.0,0.0,0.0,1.0,17.0,0.0,17.0,20.0,85.0,0.0,0.0,0.0,0.0,1.0,17.0,0.0,0.0,0.0,0.0,0.0,17.0,20.0,85.0
129,Mohammad Amir,44,8,58,75.86206896551724,2,7.333333333333332,0,0,0,0,0.0,0.0,0.0,0.0,0.0,0.0,0.0,0.0,0.0,0.0,8.0,44.0,2.0,7.333333333333332,58.0,75.86206896551724,0.0,0.0,0.0,0.0,8.0,44.0,0.0,0.0,0.0,0.0,2.0,7.333333333333332,58.0,75.86206896551724
130,CB Mpofu,16,7,30,53.33333333333334,4,5.333333333333333,3,0,0,0,5.0,16.0,3.0,8.0,26.0,61.53846153846154,1.0,0.0,0.0,0.0,2.0,0.0,1.0,0.0,4.0,0.0,2.0,0.0,0.0,0.0,7.0,16.0,3.0,0.0,0.0,0.0,4.0,5.333333333333333,30.0,53.33333333333334
131,MDKJ Perera,1023,35,767,133.3767926988266,1,30.088235294117645,0,2,10,0,18.0,543.0,0.0,30.16666666666667,401.0,135.41147132169576,0.0,1.0,6.0,0.0,17.0,480.0,1.0,30.0,366.0,131.14754098360658,0.0,1.0,4.0,0.0,10.0,388.0,0.0,0.0,5.0,0.0,0.0,38.8,262.0,148.0916030534351
132,Mohammad Rizwan,106,7,110,96.36363636363636,0,15.142857142857142,0,1,0,0,1.0,6.0,0.0,6.0,7.0,85.71428571428571,0.0,0.0,0.0,0.0,6.0,100.0,0.0,16.666666666666668,103.0,97.0873786407767,0.0,1.0,0.0,0.0,7.0,106.0,0.0,1.0,0.0,0.0,0.0,15.142857142857142,110.0,96.36363636363636
133,SD Hope,173,7,112,154.46428571428572,0,24.714285714285715,0,1,1,0,0.0,0.0,0.0,0.0,0.0,0.0,0.0,0.0,0.0,0.0,7.0,173.0,0.0,24.714285714285715,112.0,154.46428571428572,0.0,1.0,1.0,0.0,7.0,173.0,0.0,1.0,1.0,0.0,0.0,24.714285714285715,112.0,154.46428571428572
134,ADS Fletcher,765,40,733,104.36562073669849,5,21.857142857142854,6,3,6,0,15.0,223.0,2.0,17.153846153846153,235.0,94.89361702127658,2.0,0.0,2.0,0.0,25.0,542.0,3.0,24.63636363636364,498.0,108.83534136546184,4.0,3.0,4.0,0.0,10.0,198.0,1.0,2.0,1.0,0.0,0.0,19.8,187.0,105.88235294117645
135,SV Samson,19,1,24,79.16666666666667,0,19.0,0,0,0,0,0.0,0.0,0.0,0.0,0.0,0.0,0.0,0.0,0.0,0.0,1.0,19.0,0.0,19.0,24.0,79.16666666666667,0.0,0.0,0.0,0.0,1.0,19.0,0.0,0.0,0.0,0.0,0.0,19.0,24.0,79.16666666666667
136,K Pierre,10,2,10,100.0,1,10.0,0,0,0,0,0.0,0.0,0.0,0.0,0.0,0.0,0.0,0.0,0.0,0.0,2.0,10.0,1.0,10.0,10.0,100.0,0.0,0.0,0.0,0.0,2.0,10.0,0.0,0.0,0.0,0.0,1.0,10.0,10.0,100.0
137,P Khadka,137,9,158,86.70886075949367,1,17.125,1,3,0,0,0.0,0.0,0.0,0.0,0.0,0.0,0.0,0.0,0.0,0.0,9.0,137.0,1.0,17.125,158.0,86.70886075949367,1.0,3.0,0.0,0.0,9.0,137.0,1.0,3.0,0.0,0.0,1.0,17.125,158.0,86.70886075949367
138,PS Airee,47,5,40,117.5,0,9.4,3,0,0,0,0.0,0.0,0.0,0.0,0.0,0.0,0.0,0.0,0.0,0.0,5.0,47.0,0.0,9.4,40.0,117.5,3.0,0.0,0.0,0.0,5.0,47.0,3.0,0.0,0.0,0.0,0.0,9.4,40.0,117.5
139,TP Ura,99,6,92,107.6086956521739,0,16.5,0,1,0,0,0.0,0.0,0.0,0.0,0.0,0.0,0.0,0.0,0.0,0.0,6.0,99.0,0.0,16.5,92.0,107.6086956521739,0.0,1.0,0.0,0.0,6.0,99.0,0.0,1.0,0.0,0.0,0.0,16.5,92.0,107.6086956521739
140,FA Allen,35,4,31,112.90322580645163,0,8.75,2,0,0,0,0.0,0.0,0.0,0.0,0.0,0.0,0.0,0.0,0.0,0.0,4.0,35.0,0.0,8.75,31.0,112.90322580645163,2.0,0.0,0.0,0.0,4.0,35.0,2.0,0.0,0.0,0.0,0.0,8.75,31.0,112.90322580645163
141,RW Chakabva,17,4,36,47.22222222222222,0,4.25,2,0,0,0,2.0,13.0,0.0,6.5,22.0,59.09090909090909,1.0,0.0,0.0,0.0,2.0,4.0,0.0,2.0,14.0,28.57142857142857,1.0,0.0,0.0,0.0,4.0,17.0,2.0,0.0,0.0,0.0,0.0,4.25,36.0,47.22222222222222
142,N Vanua,96,7,53,181.1320754716981,4,32.0,1,0,0,0,0.0,0.0,0.0,0.0,0.0,0.0,0.0,0.0,0.0,0.0,7.0,96.0,4.0,32.0,53.0,181.1320754716981,1.0,0.0,0.0,0.0,7.0,96.0,1.0,0.0,0.0,0.0,4.0,32.0,53.0,181.1320754716981
143,H Masakadza,1312,53,1194,109.88274706867672,6,27.914893617021278,0,7,8,0,22.0,327.0,0.0,14.863636363636365,332.0,98.49397590361444,0.0,1.0,1.0,0.0,31.0,985.0,6.0,39.4,862.0,114.2691415313225,0.0,6.0,7.0,0.0,10.0,128.0,0.0,0.0,0.0,0.0,0.0,12.8,152.0,84.21052631578948
144,Izatullah Dawlatzai,0,1,3,0.0,1,0.0,1,0,0,0,0.0,0.0,0.0,0.0,0.0,0.0,0.0,0.0,0.0,0.0,1.0,0.0,1.0,0.0,3.0,0.0,1.0,0.0,0.0,0.0,1.0,0.0,1.0,0.0,0.0,0.0,1.0,0.0,3.0,0.0
145,SP Narine,147,17,126,116.66666666666669,6,13.363636363636365,1,1,0,0,8.0,68.0,3.0,13.6,65.0,104.6153846153846,0.0,0.0,0.0,0.0,9.0,79.0,3.0,13.166666666666664,61.0,129.50819672131146,1.0,1.0,0.0,0.0,10.0,103.0,0.0,1.0,0.0,0.0,3.0,14.714285714285715,91.0,113.18681318681318
146,Kaleemullah,0,1,1,0.0,0,0.0,1,0,0,0,0.0,0.0,0.0,0.0,0.0,0.0,0.0,0.0,0.0,0.0,1.0,0.0,0.0,0.0,1.0,0.0,1.0,0.0,0.0,0.0,1.0,0.0,1.0,0.0,0.0,0.0,0.0,0.0,1.0,0.0
147,MA Leask,157,11,131,119.84732824427479,2,17.444444444444443,0,1,1,0,2.0,47.0,1.0,47.0,32.0,146.875,0.0,1.0,0.0,0.0,9.0,110.0,1.0,13.75,99.0,111.11111111111113,0.0,0.0,1.0,0.0,10.0,153.0,0.0,1.0,1.0,0.0,2.0,19.125,125.0,122.4
148,JH Davey,48,6,39,123.07692307692308,3,16.0,0,0,0,0,0.0,0.0,0.0,0.0,0.0,0.0,0.0,0.0,0.0,0.0,6.0,48.0,3.0,16.0,39.0,123.07692307692308,0.0,0.0,0.0,0.0,6.0,48.0,0.0,0.0,0.0,0.0,3.0,16.0,39.0,123.07692307692308
149,JT Smuts,126,8,120,105.0,0,15.75,1,1,0,0,5.0,52.0,0.0,10.4,50.0,104.0,0.0,0.0,0.0,0.0,3.0,74.0,0.0,24.66666666666667,70.0,105.71428571428572,1.0,1.0,0.0,0.0,8.0,126.0,1.0,1.0,0.0,0.0,0.0,15.75,120.0,105.0
150,Asif Ali,237,15,176,134.6590909090909,6,26.33333333333333,1,3,0,0,3.0,40.0,1.0,20.0,28.0,142.85714285714286,0.0,0.0,0.0,0.0,12.0,197.0,5.0,28.142857142857146,148.0,133.1081081081081,1.0,3.0,0.0,0.0,10.0,196.0,0.0,3.0,0.0,0.0,4.0,32.666666666666664,145.0,135.17241379310346
151,Rohan Mustafa,411,24,357,115.12605042016807,1,17.869565217391305,3,2,2,0,14.0,252.0,0.0,18.0,211.0,119.43127962085308,2.0,2.0,1.0,0.0,10.0,159.0,1.0,17.666666666666668,146.0,108.9041095890411,1.0,0.0,1.0,0.0,10.0,182.0,2.0,1.0,1.0,0.0,0.0,18.2,153.0,118.95424836601308
152,Faheem Ashraf,96,14,82,117.07317073170731,6,12.0,6,0,0,0,3.0,29.0,3.0,0.0,13.0,223.0769230769231,1.0,0.0,0.0,0.0,11.0,67.0,3.0,8.375,69.0,97.10144927536231,5.0,0.0,0.0,0.0,10.0,72.0,5.0,0.0,0.0,0.0,4.0,12.0,57.0,126.31578947368419
153,RP Burl,57,4,74,77.02702702702703,0,14.25,0,1,0,0,2.0,19.0,0.0,9.5,29.0,65.51724137931035,0.0,0.0,0.0,0.0,2.0,38.0,0.0,19.0,45.0,84.44444444444444,0.0,1.0,0.0,0.0,4.0,57.0,0.0,1.0,0.0,0.0,0.0,14.25,74.0,77.02702702702703
154,TK Curran,8,3,6,133.33333333333334,2,8.0,0,0,0,0,2.0,2.0,2.0,0.0,4.0,50.0,0.0,0.0,0.0,0.0,1.0,6.0,0.0,6.0,2.0,300.0,0.0,0.0,0.0,0.0,3.0,8.0,0.0,0.0,0.0,0.0,2.0,8.0,6.0,133.33333333333334
155,Karan KC,3,3,13,23.07692307692308,2,3.0,1,0,0,0,0.0,0.0,0.0,0.0,0.0,0.0,0.0,0.0,0.0,0.0,3.0,3.0,2.0,3.0,13.0,23.07692307692308,1.0,0.0,0.0,0.0,3.0,3.0,1.0,0.0,0.0,0.0,2.0,3.0,13.0,23.07692307692308
156,SE Rutherford,2,1,6,33.333333333333336,0,2.0,0,0,0,0,0.0,0.0,0.0,0.0,0.0,0.0,0.0,0.0,0.0,0.0,1.0,2.0,0.0,2.0,6.0,33.333333333333336,0.0,0.0,0.0,0.0,1.0,2.0,0.0,0.0,0.0,0.0,0.0,2.0,6.0,33.333333333333336
157,GD Phillips,140,10,140,100.0,1,15.555555555555555,0,0,1,0,6.0,86.0,1.0,17.2,80.0,107.5,0.0,0.0,1.0,0.0,4.0,54.0,0.0,13.5,60.0,90.0,0.0,0.0,0.0,0.0,10.0,140.0,0.0,0.0,1.0,0.0,1.0,15.555555555555555,140.0,100.0
158,RA Jadeja,116,16,127,91.33858267716536,5,10.545454545454543,2,0,0,0,6.0,21.0,1.0,4.2,26.0,80.76923076923076,2.0,0.0,0.0,0.0,10.0,95.0,4.0,15.833333333333336,101.0,94.05940594059406,0.0,0.0,0.0,0.0,10.0,51.0,2.0,0.0,0.0,0.0,3.0,7.2857142857142865,50.0,102.0
159,Rubel Hossain,17,11,30,56.66666666666666,8,5.666666666666668,4,0,0,0,2.0,0.0,1.0,0.0,8.0,0.0,2.0,0.0,0.0,0.0,9.0,17.0,7.0,8.5,22.0,77.27272727272727,2.0,0.0,0.0,0.0,10.0,9.0,4.0,0.0,0.0,0.0,7.0,3.0,25.0,36.0
160,Hazratullah,174,3,117,148.71794871794873,0,58.0,0,0,2,0,0.0,0.0,0.0,0.0,0.0,0.0,0.0,0.0,0.0,0.0,3.0,174.0,0.0,58.0,117.0,148.71794871794873,0.0,0.0,2.0,0.0,3.0,174.0,0.0,0.0,2.0,0.0,0.0,58.0,117.0,148.71794871794873
161,Sarfraz Ahmed,745,36,597,124.79061976549414,11,29.8,2,7,3,0,4.0,45.0,1.0,15.0,33.0,136.36363636363637,1.0,1.0,0.0,0.0,32.0,700.0,10.0,31.818181818181817,564.0,124.11347517730495,1.0,6.0,3.0,0.0,10.0,275.0,1.0,3.0,1.0,0.0,2.0,34.375,194.0,141.75257731958763
162,S Lamichhane,4,1,5,80.0,1,inf,0,0,0,0,0.0,0.0,0.0,0.0,0.0,0.0,0.0,0.0,0.0,0.0,1.0,4.0,1.0,0.0,5.0,80.0,0.0,0.0,0.0,0.0,1.0,4.0,0.0,0.0,0.0,0.0,1.0,0.0,5.0,80.0
163,DM Bravo,308,15,291,105.84192439862544,2,23.69230769230769,2,6,0,0,7.0,139.0,0.0,19.857142857142858,132.0,105.3030303030303,2.0,3.0,0.0,0.0,8.0,169.0,2.0,28.16666666666667,159.0,106.28930817610063,0.0,3.0,0.0,0.0,10.0,206.0,1.0,4.0,0.0,0.0,2.0,25.75,194.0,106.18556701030927
164,L Siaka,78,8,86,90.69767441860463,0,9.75,1,1,0,0,0.0,0.0,0.0,0.0,0.0,0.0,0.0,0.0,0.0,0.0,8.0,78.0,0.0,9.75,86.0,90.69767441860463,1.0,1.0,0.0,0.0,8.0,78.0,1.0,1.0,0.0,0.0,0.0,9.75,86.0,90.69767441860463
165,D Ramdin,581,46,519,111.94605009633909,14,18.15625,3,6,1,0,11.0,82.0,3.0,10.25,85.0,96.47058823529413,1.0,1.0,0.0,0.0,35.0,499.0,11.0,20.791666666666668,434.0,114.97695852534564,2.0,5.0,1.0,0.0,10.0,178.0,1.0,2.0,0.0,0.0,2.0,22.25,168.0,105.95238095238096
166,DJ Willey,152,16,119,127.73109243697479,6,15.2,0,0,0,0,7.0,53.0,2.0,10.6,47.0,112.76595744680851,0.0,0.0,0.0,0.0,9.0,99.0,4.0,19.8,72.0,137.5,0.0,0.0,0.0,0.0,10.0,91.0,0.0,0.0,0.0,0.0,3.0,13.0,71.0,128.16901408450704
167,Simi Singh,123,8,101,121.7821782178218,1,17.571428571428573,3,0,1,0,4.0,27.0,0.0,6.75,33.0,81.81818181818181,2.0,0.0,0.0,0.0,4.0,96.0,1.0,32.0,68.0,141.17647058823533,1.0,0.0,1.0,0.0,8.0,123.0,3.0,0.0,1.0,0.0,1.0,17.571428571428573,101.0,121.7821782178218
168,PVD Chameera,31,9,40,77.5,5,7.75,2,0,0,0,2.0,3.0,1.0,3.0,5.0,60.0,1.0,0.0,0.0,0.0,7.0,28.0,4.0,9.333333333333334,35.0,80.0,1.0,0.0,0.0,0.0,9.0,31.0,2.0,0.0,0.0,0.0,5.0,7.75,40.0,77.5
169,DA Warner,1792,70,1322,135.5521936459909,4,27.15151515151515,5,10,13,0,16.0,473.0,1.0,31.53333333333333,315.0,150.15873015873015,0.0,3.0,3.0,0.0,54.0,1319.0,3.0,25.862745098039216,1007.0,130.98311817279043,5.0,7.0,10.0,0.0,10.0,165.0,0.0,0.0,1.0,0.0,0.0,16.5,125.0,132.0
170,RR Patel,307,14,252,121.82539682539681,2,25.58333333333333,0,3,1,0,3.0,42.0,0.0,14.0,39.0,107.69230769230771,0.0,0.0,0.0,0.0,11.0,265.0,2.0,29.444444444444446,213.0,124.4131455399061,0.0,3.0,1.0,0.0,10.0,263.0,0.0,3.0,1.0,0.0,2.0,32.875,208.0,126.44230769230771
171,F du Plessis,1264,42,965,130.98445595854923,7,36.114285714285714,0,8,7,1,16.0,529.0,4.0,44.08333333333334,371.0,142.58760107816713,0.0,4.0,2.0,1.0,26.0,735.0,3.0,31.956521739130434,594.0,123.73737373737373,0.0,4.0,5.0,0.0,10.0,252.0,0.0,4.0,0.0,0.0,0.0,25.2,190.0,132.6315789473684
172,MJ Guptill,2271,73,1775,127.94366197183099,10,36.047619047619044,2,17,14,2,31.0,1276.0,5.0,49.07692307692307,900.0,141.77777777777774,1.0,7.0,11.0,1.0,42.0,995.0,5.0,26.89189189189189,875.0,113.71428571428572,1.0,10.0,3.0,1.0,10.0,410.0,0.0,0.0,4.0,1.0,0.0,41.0,292.0,140.41095890410958
173,SO Hetmyer,77,6,65,118.46153846153848,1,15.4,1,0,0,0,0.0,0.0,0.0,0.0,0.0,0.0,0.0,0.0,0.0,0.0,6.0,77.0,1.0,15.4,65.0,118.46153846153848,1.0,0.0,0.0,0.0,6.0,77.0,1.0,0.0,0.0,0.0,1.0,15.4,65.0,118.46153846153848
174,CR Brathwaite,281,22,234,120.08547008547008,7,18.733333333333327,1,3,0,0,4.0,94.0,3.0,94.0,80.0,117.5,0.0,2.0,0.0,0.0,18.0,187.0,4.0,13.357142857142858,154.0,121.42857142857143,1.0,1.0,0.0,0.0,10.0,96.0,0.0,0.0,0.0,0.0,2.0,12.0,97.0,98.96907216494844
175,S Snater,8,2,8,100.0,0,4.0,0,0,0,0,2.0,8.0,0.0,4.0,8.0,100.0,0.0,0.0,0.0,0.0,0.0,0.0,0.0,0.0,0.0,0.0,0.0,0.0,0.0,0.0,2.0,8.0,0.0,0.0,0.0,0.0,0.0,4.0,8.0,100.0
176,CAK Rajitha,3,2,12,25.0,2,inf,1,0,0,0,1.0,0.0,1.0,0.0,5.0,0.0,1.0,0.0,0.0,0.0,1.0,3.0,1.0,0.0,7.0,42.857142857142854,0.0,0.0,0.0,0.0,2.0,3.0,1.0,0.0,0.0,0.0,2.0,0.0,12.0,25.0
177,MH Cross,404,19,304,132.89473684210526,2,23.764705882352942,1,5,1,0,2.0,18.0,0.0,9.0,18.0,100.0,0.0,0.0,0.0,0.0,17.0,386.0,2.0,25.73333333333333,286.0,134.96503496503496,1.0,5.0,1.0,0.0,10.0,201.0,1.0,2.0,1.0,0.0,1.0,22.33333333333333,170.0,118.23529411764706
178,Zeeshan Maqsood,349,14,321,108.7227414330218,1,26.84615384615385,2,5,1,0,0.0,0.0,0.0,0.0,0.0,0.0,0.0,0.0,0.0,0.0,14.0,349.0,1.0,26.84615384615385,321.0,108.7227414330218,2.0,5.0,1.0,0.0,10.0,276.0,1.0,4.0,1.0,0.0,1.0,30.66666666666667,264.0,104.54545454545456
179,RD Berrington,545,28,463,117.71058315334773,6,24.77272727272728,4,5,2,0,2.0,23.0,0.0,11.5,22.0,104.54545454545456,0.0,0.0,0.0,0.0,26.0,522.0,6.0,26.1,441.0,118.36734693877553,4.0,5.0,2.0,0.0,10.0,313.0,0.0,3.0,2.0,0.0,4.0,52.16666666666666,238.0,131.51260504201682
180,TK Musakanda,98,6,83,118.07228915662651,0,16.333333333333332,2,2,0,0,4.0,98.0,0.0,24.5,77.0,127.27272727272728,0.0,2.0,0.0,0.0,2.0,0.0,0.0,0.0,6.0,0.0,2.0,0.0,0.0,0.0,6.0,98.0,2.0,2.0,0.0,0.0,0.0,16.333333333333332,83.0,118.07228915662651
181,Abdul Shakoor,28,3,34,82.3529411764706,1,14.0,0,0,0,0,0.0,0.0,0.0,0.0,0.0,0.0,0.0,0.0,0.0,0.0,3.0,28.0,1.0,14.0,34.0,82.3529411764706,0.0,0.0,0.0,0.0,3.0,28.0,0.0,0.0,0.0,0.0,1.0,14.0,34.0,82.3529411764706
182,I Udana,41,9,36,113.88888888888887,4,8.2,2,0,0,0,5.0,34.0,4.0,34.0,24.0,141.66666666666666,0.0,0.0,0.0,0.0,4.0,7.0,0.0,1.75,12.0,58.33333333333334,2.0,0.0,0.0,0.0,9.0,41.0,2.0,0.0,0.0,0.0,4.0,8.2,36.0,113.88888888888887
183,Khurram Nawaz,78,4,74,105.4054054054054,2,39.0,0,0,0,0,0.0,0.0,0.0,0.0,0.0,0.0,0.0,0.0,0.0,0.0,4.0,78.0,2.0,39.0,74.0,105.4054054054054,0.0,0.0,0.0,0.0,4.0,78.0,0.0,0.0,0.0,0.0,2.0,39.0,74.0,105.4054054054054
184,Karim Janat,109,7,105,103.8095238095238,2,21.8,0,0,0,0,0.0,0.0,0.0,0.0,0.0,0.0,0.0,0.0,0.0,0.0,7.0,109.0,2.0,21.8,105.0,103.8095238095238,0.0,0.0,0.0,0.0,7.0,109.0,0.0,0.0,0.0,0.0,2.0,21.8,105.0,103.8095238095238
185,AC Agar,82,7,82,100.0,1,13.666666666666664,0,0,0,0,0.0,0.0,0.0,0.0,0.0,0.0,0.0,0.0,0.0,0.0,7.0,82.0,1.0,13.666666666666664,82.0,100.0,0.0,0.0,0.0,0.0,7.0,82.0,0.0,0.0,0.0,0.0,1.0,13.666666666666664,82.0,100.0
186,CT Mutombodzi,18,5,25,72.0,1,4.5,1,0,0,0,3.0,15.0,1.0,7.5,18.0,83.33333333333333,1.0,0.0,0.0,0.0,2.0,3.0,0.0,1.5,7.0,42.857142857142854,0.0,0.0,0.0,0.0,5.0,18.0,1.0,0.0,0.0,0.0,1.0,4.5,25.0,72.0
187,B Kumar,22,8,27,81.48148148148148,5,7.333333333333332,2,0,0,0,4.0,9.0,2.0,4.5,17.0,52.941176470588225,1.0,0.0,0.0,0.0,4.0,13.0,3.0,13.0,10.0,130.0,1.0,0.0,0.0,0.0,8.0,22.0,2.0,0.0,0.0,0.0,5.0,7.333333333333332,27.0,81.48148148148148
188,B Muzarabani,1,3,5,20.0,2,1.0,2,0,0,0,2.0,1.0,1.0,1.0,4.0,25.0,1.0,0.0,0.0,0.0,1.0,0.0,1.0,0.0,1.0,0.0,1.0,0.0,0.0,0.0,3.0,1.0,2.0,0.0,0.0,0.0,2.0,1.0,5.0,20.0
189,RE van der Merwe,171,14,133,128.57142857142858,4,17.1,1,3,0,0,2.0,85.0,0.0,42.5,57.0,149.12280701754386,0.0,2.0,0.0,0.0,12.0,86.0,4.0,10.75,76.0,113.15789473684212,1.0,1.0,0.0,0.0,10.0,120.0,0.0,2.0,0.0,0.0,3.0,17.142857142857142,87.0,137.93103448275863
190,Najeeb Tarakai,216,9,173,124.85549132947979,1,27.0,1,2,1,0,0.0,0.0,0.0,0.0,0.0,0.0,0.0,0.0,0.0,0.0,9.0,216.0,1.0,27.0,173.0,124.85549132947979,1.0,2.0,1.0,0.0,9.0,216.0,1.0,2.0,1.0,0.0,1.0,27.0,173.0,124.85549132947979
191,RN ten Doeschate,171,7,132,129.54545454545453,4,57.0,0,2,0,0,0.0,0.0,0.0,0.0,0.0,0.0,0.0,0.0,0.0,0.0,7.0,171.0,4.0,57.0,132.0,129.54545454545453,0.0,2.0,0.0,0.0,7.0,171.0,0.0,2.0,0.0,0.0,4.0,57.0,132.0,129.54545454545453
192,B Mavuta,41,3,23,178.2608695652174,2,41.0,0,0,0,0,1.0,6.0,1.0,0.0,3.0,200.0,0.0,0.0,0.0,0.0,2.0,35.0,1.0,35.0,20.0,175.0,0.0,0.0,0.0,0.0,3.0,41.0,0.0,0.0,0.0,0.0,2.0,41.0,23.0,178.2608695652174
193,SF Mire,249,7,198,125.75757575757576,0,35.57142857142857,0,1,2,0,4.0,212.0,0.0,53.0,166.0,127.71084337349396,0.0,0.0,2.0,0.0,3.0,37.0,0.0,12.333333333333336,32.0,115.625,0.0,1.0,0.0,0.0,7.0,249.0,0.0,1.0,2.0,0.0,0.0,35.57142857142857,198.0,125.75757575757576
194,AD Hales,1605,56,1202,133.52745424292846,8,33.4375,4,14,8,1,21.0,770.0,5.0,48.125,560.0,137.5,1.0,8.0,5.0,0.0,35.0,835.0,3.0,26.09375,642.0,130.06230529595015,3.0,6.0,3.0,1.0,10.0,265.0,0.0,4.0,1.0,0.0,1.0,29.444444444444446,173.0,153.1791907514451
195,N Pooran,148,8,103,143.6893203883495,2,24.66666666666667,0,0,1,0,0.0,0.0,0.0,0.0,0.0,0.0,0.0,0.0,0.0,0.0,8.0,148.0,2.0,24.66666666666667,103.0,143.6893203883495,0.0,0.0,1.0,0.0,8.0,148.0,0.0,0.0,1.0,0.0,2.0,24.66666666666667,103.0,143.6893203883495
196,Jatinder Singh,190,10,207,91.78743961352656,0,19.0,0,1,0,0,0.0,0.0,0.0,0.0,0.0,0.0,0.0,0.0,0.0,0.0,10.0,190.0,0.0,19.0,207.0,91.78743961352656,0.0,1.0,0.0,0.0,10.0,190.0,0.0,1.0,0.0,0.0,0.0,19.0,207.0,91.78743961352656
197,HD Rutherford,151,6,106,142.45283018867926,0,25.16666666666667,0,1,1,0,3.0,69.0,0.0,23.0,48.0,143.75,0.0,1.0,0.0,0.0,3.0,82.0,0.0,27.33333333333333,58.0,141.3793103448276,0.0,0.0,1.0,0.0,6.0,151.0,0.0,1.0,1.0,0.0,0.0,25.16666666666667,106.0,142.45283018867926
198,BRM Taylor,655,29,571,114.71103327495622,4,26.2,4,4,5,0,10.0,203.0,1.0,22.555555555555557,183.0,110.92896174863388,0.0,2.0,1.0,0.0,19.0,452.0,3.0,28.25,388.0,116.49484536082474,4.0,2.0,4.0,0.0,10.0,239.0,0.0,2.0,1.0,0.0,1.0,26.555555555555557,227.0,105.2863436123348
199,LMP Simmons,907,44,799,113.51689612015021,8,25.194444444444446,6,5,5,0,21.0,411.0,6.0,27.4,391.0,105.11508951406651,0.0,2.0,3.0,0.0,23.0,496.0,2.0,23.619047619047624,408.0,121.56862745098042,6.0,3.0,2.0,0.0,10.0,64.0,2.0,0.0,0.0,0.0,2.0,8.0,59.0,108.47457627118642
200,KMA Paul,124,9,97,127.83505154639177,4,24.8,0,0,0,0,0.0,0.0,0.0,0.0,0.0,0.0,0.0,0.0,0.0,0.0,9.0,124.0,4.0,24.8,97.0,127.83505154639177,0.0,0.0,0.0,0.0,9.0,124.0,0.0,0.0,0.0,0.0,4.0,24.8,97.0,127.83505154639177
201,Taskin Ahmed,29,6,35,82.85714285714286,4,14.5,1,0,0,0,3.0,17.0,3.0,0.0,21.0,80.95238095238095,0.0,0.0,0.0,0.0,3.0,12.0,1.0,6.0,14.0,85.71428571428571,1.0,0.0,0.0,0.0,6.0,29.0,1.0,0.0,0.0,0.0,4.0,14.5,35.0,82.85714285714286
202,Samiullah Shenwari,858,48,763,112.4508519003932,12,23.83333333333333,2,11,2,0,0.0,0.0,0.0,0.0,0.0,0.0,0.0,0.0,0.0,0.0,48.0,858.0,12.0,23.83333333333333,763.0,112.4508519003932,2.0,11.0,2.0,0.0,10.0,183.0,1.0,2.0,1.0,0.0,2.0,22.875,172.0,106.3953488372093
203,Afif Hossain,0,1,2,0.0,0,0.0,1,0,0,0,1.0,0.0,0.0,0.0,2.0,0.0,1.0,0.0,0.0,0.0,0.0,0.0,0.0,0.0,0.0,0.0,0.0,0.0,0.0,0.0,1.0,0.0,1.0,0.0,0.0,0.0,0.0,0.0,2.0,0.0
204,SW Poynter,164,15,161,101.86335403726707,2,12.615384615384615,0,2,0,0,4.0,28.0,0.0,7.0,33.0,84.84848484848484,0.0,0.0,0.0,0.0,11.0,136.0,2.0,15.111111111111109,128.0,106.25,0.0,2.0,0.0,0.0,10.0,99.0,0.0,1.0,0.0,0.0,2.0,12.375,98.0,101.0204081632653
205,TL Chatara,15,2,17,88.23529411764706,0,7.5,0,0,0,0,0.0,0.0,0.0,0.0,0.0,0.0,0.0,0.0,0.0,0.0,2.0,15.0,0.0,7.5,17.0,88.23529411764706,0.0,0.0,0.0,0.0,2.0,15.0,0.0,0.0,0.0,0.0,0.0,7.5,17.0,88.23529411764706
206,Usman Ghani,254,14,272,93.38235294117645,2,21.166666666666668,0,1,1,0,0.0,0.0,0.0,0.0,0.0,0.0,0.0,0.0,0.0,0.0,14.0,254.0,2.0,21.166666666666668,272.0,93.38235294117645,0.0,1.0,1.0,0.0,10.0,129.0,0.0,0.0,0.0,0.0,2.0,16.125,158.0,81.64556962025317
207,Junaid Siddiqui,47,5,41,114.6341463414634,2,15.666666666666664,0,0,0,0,0.0,0.0,0.0,0.0,0.0,0.0,0.0,0.0,0.0,0.0,5.0,47.0,2.0,15.666666666666664,41.0,114.6341463414634,0.0,0.0,0.0,0.0,5.0,47.0,0.0,0.0,0.0,0.0,2.0,15.666666666666664,41.0,114.6341463414634
208,Waqas Khan,68,7,93,73.11827956989248,3,17.0,1,1,0,0,0.0,0.0,0.0,0.0,0.0,0.0,0.0,0.0,0.0,0.0,7.0,68.0,3.0,17.0,93.0,73.11827956989248,1.0,1.0,0.0,0.0,7.0,68.0,1.0,1.0,0.0,0.0,3.0,17.0,93.0,73.11827956989248
209,PJ Cummins,28,7,34,82.3529411764706,1,4.666666666666667,1,0,0,0,2.0,6.0,0.0,3.0,10.0,60.0,0.0,0.0,0.0,0.0,5.0,22.0,1.0,5.5,24.0,91.66666666666669,1.0,0.0,0.0,0.0,7.0,28.0,1.0,0.0,0.0,0.0,1.0,4.666666666666667,34.0,82.3529411764706
210,A Balbirnie,189,13,180,105.0,1,15.75,2,2,1,0,8.0,105.0,1.0,15.0,109.0,96.3302752293578,1.0,2.0,0.0,0.0,5.0,84.0,0.0,16.8,71.0,118.30985915492958,1.0,0.0,1.0,0.0,10.0,143.0,2.0,1.0,1.0,0.0,0.0,14.3,133.0,107.51879699248121
211,MC Henriques,159,8,124,128.22580645161293,3,31.8,0,0,2,0,4.0,76.0,2.0,38.0,54.0,140.7407407407407,0.0,0.0,1.0,0.0,4.0,83.0,1.0,27.66666666666667,70.0,118.57142857142857,0.0,0.0,1.0,0.0,8.0,159.0,0.0,0.0,2.0,0.0,3.0,31.8,124.0,128.22580645161293
212,JJ Roy,743,32,532,139.66165413533835,2,24.766666666666666,4,5,4,0,13.0,322.0,2.0,29.272727272727273,224.0,143.75,2.0,2.0,2.0,0.0,19.0,421.0,0.0,22.157894736842106,308.0,136.6883116883117,2.0,3.0,2.0,0.0,10.0,271.0,1.0,2.0,2.0,0.0,0.0,27.1,167.0,162.2754491017964
213,MR Marsh,175,11,151,115.89403973509934,3,21.875,1,2,0,0,2.0,13.0,1.0,13.0,14.0,92.85714285714286,1.0,0.0,0.0,0.0,9.0,162.0,2.0,23.142857142857146,137.0,118.24817518248176,0.0,2.0,0.0,0.0,10.0,139.0,1.0,1.0,0.0,0.0,3.0,19.857142857142858,130.0,106.92307692307692
214,E Otieno,19,4,33,57.57575757575758,1,6.333333333333332,0,0,0,0,1.0,2.0,0.0,2.0,6.0,33.333333333333336,0.0,0.0,0.0,0.0,3.0,17.0,1.0,8.5,27.0,62.96296296296296,0.0,0.0,0.0,0.0,4.0,19.0,0.0,0.0,0.0,0.0,1.0,6.333333333333332,33.0,57.57575757575758
215,O Thomas,8,3,8,100.0,1,4.0,2,0,0,0,0.0,0.0,0.0,0.0,0.0,0.0,0.0,0.0,0.0,0.0,3.0,8.0,1.0,4.0,8.0,100.0,2.0,0.0,0.0,0.0,3.0,8.0,2.0,0.0,0.0,0.0,1.0,4.0,8.0,100.0
216,WB Rankin,53,9,61,86.88524590163935,5,13.25,1,0,0,0,3.0,22.0,1.0,11.0,27.0,81.48148148148148,0.0,0.0,0.0,0.0,6.0,31.0,4.0,15.5,34.0,91.17647058823529,1.0,0.0,0.0,0.0,9.0,53.0,1.0,0.0,0.0,0.0,5.0,13.25,61.0,86.88524590163935
217,TD Astle,1,1,5,20.0,0,1.0,0,0,0,0,1.0,1.0,0.0,1.0,5.0,20.0,0.0,0.0,0.0,0.0,0.0,0.0,0.0,0.0,0.0,0.0,0.0,0.0,0.0,0.0,1.0,1.0,0.0,0.0,0.0,0.0,0.0,1.0,5.0,20.0
218,TL Seifert,40,6,29,137.93103448275863,1,8.0,2,0,0,0,3.0,29.0,1.0,14.5,20.0,145.0,0.0,0.0,0.0,0.0,3.0,11.0,0.0,3.6666666666666665,9.0,122.22222222222223,2.0,0.0,0.0,0.0,6.0,40.0,2.0,0.0,0.0,0.0,1.0,8.0,29.0,137.93103448275863
219,Mohammad Nadeem,21,4,20,105.0,0,5.25,0,0,0,0,0.0,0.0,0.0,0.0,0.0,0.0,0.0,0.0,0.0,0.0,4.0,21.0,0.0,5.25,20.0,105.0,0.0,0.0,0.0,0.0,4.0,21.0,0.0,0.0,0.0,0.0,0.0,5.25,20.0,105.0
220,SM Sharif,78,11,67,116.41791044776122,5,13.0,2,0,0,0,2.0,13.0,1.0,13.0,12.0,108.33333333333331,0.0,0.0,0.0,0.0,9.0,65.0,4.0,13.0,55.0,118.1818181818182,2.0,0.0,0.0,0.0,10.0,78.0,1.0,0.0,0.0,0.0,5.0,15.6,65.0,120.0
221,N Pokana,2,1,3,66.66666666666667,0,2.0,0,0,0,0,0.0,0.0,0.0,0.0,0.0,0.0,0.0,0.0,0.0,0.0,1.0,2.0,0.0,2.0,3.0,66.66666666666667,0.0,0.0,0.0,0.0,1.0,2.0,0.0,0.0,0.0,0.0,0.0,2.0,3.0,66.66666666666667
222,K Rabada,5,2,8,62.5,1,5.0,1,0,0,0,1.0,5.0,1.0,0.0,6.0,83.33333333333333,0.0,0.0,0.0,0.0,1.0,0.0,0.0,0.0,2.0,0.0,1.0,0.0,0.0,0.0,2.0,5.0,1.0,0.0,0.0,0.0,1.0,5.0,8.0,62.5
223,PADLR Sandakan,1,1,1,100.0,1,inf,0,0,0,0,1.0,1.0,1.0,0.0,1.0,100.0,0.0,0.0,0.0,0.0,0.0,0.0,0.0,0.0,0.0,0.0,0.0,0.0,0.0,0.0,1.0,1.0,0.0,0.0,0.0,0.0,1.0,0.0,1.0,100.0
224,MRJ Watt,32,7,23,139.1304347826087,3,8.0,1,0,0,0,1.0,1.0,0.0,1.0,2.0,50.0,0.0,0.0,0.0,0.0,6.0,31.0,3.0,10.333333333333334,21.0,147.61904761904762,1.0,0.0,0.0,0.0,7.0,32.0,1.0,0.0,0.0,0.0,3.0,8.0,23.0,139.1304347826087
225,DW Steyn,15,8,21,71.42857142857143,4,3.75,1,0,0,0,2.0,2.0,1.0,2.0,4.0,50.0,0.0,0.0,0.0,0.0,6.0,13.0,3.0,4.333333333333333,17.0,76.47058823529412,1.0,0.0,0.0,0.0,8.0,15.0,1.0,0.0,0.0,0.0,4.0,3.75,21.0,71.42857142857143
226,DT Tiripano,15,4,23,65.21739130434783,1,5.0,1,0,0,0,1.0,11.0,1.0,0.0,15.0,73.33333333333333,0.0,0.0,0.0,0.0,3.0,4.0,0.0,1.3333333333333333,8.0,50.0,1.0,0.0,0.0,0.0,4.0,15.0,1.0,0.0,0.0,0.0,1.0,5.0,23.0,65.21739130434783
227,RR Pant,157,9,139,112.94964028776978,1,19.625,1,1,1,0,4.0,69.0,1.0,23.0,55.0,125.45454545454544,0.0,0.0,1.0,0.0,5.0,88.0,0.0,17.6,84.0,104.76190476190477,1.0,1.0,0.0,0.0,9.0,157.0,1.0,1.0,1.0,0.0,1.0,19.625,139.0,112.94964028776978
228,SR Thompson,206,20,154,133.76623376623377,4,12.875,1,1,1,0,8.0,49.0,1.0,7.0,42.0,116.66666666666669,1.0,0.0,0.0,0.0,12.0,157.0,3.0,17.444444444444443,112.0,140.17857142857142,0.0,1.0,1.0,0.0,10.0,107.0,0.0,1.0,0.0,0.0,2.0,13.375,77.0,138.96103896103895
229,AR Patel,68,7,54,125.92592592592592,3,17.0,0,0,0,0,3.0,16.0,1.0,8.0,18.0,88.8888888888889,0.0,0.0,0.0,0.0,4.0,52.0,2.0,26.0,36.0,144.44444444444446,0.0,0.0,0.0,0.0,7.0,68.0,0.0,0.0,0.0,0.0,3.0,17.0,54.0,125.92592592592592
230,R Mutumbami,173,14,174,99.42528735632185,2,14.416666666666664,2,2,0,0,5.0,61.0,1.0,15.25,62.0,98.38709677419355,1.0,1.0,0.0,0.0,9.0,112.0,1.0,14.0,112.0,100.0,1.0,1.0,0.0,0.0,10.0,151.0,2.0,2.0,0.0,0.0,0.0,15.1,143.0,105.5944055944056
231,Mahmudullah,1201,65,1015,118.32512315270935,20,26.68888888888889,2,15,3,0,25.0,537.0,10.0,35.8,414.0,129.71014492753622,0.0,7.0,2.0,0.0,40.0,664.0,10.0,22.13333333333333,601.0,110.48252911813644,2.0,8.0,1.0,0.0,10.0,269.0,0.0,5.0,0.0,0.0,5.0,53.8,194.0,138.65979381443302
232,JC Buttler,1260,57,941,133.9001062699256,12,28.0,3,14,7,0,18.0,480.0,3.0,32.0,328.0,146.34146341463415,1.0,4.0,3.0,0.0,39.0,780.0,9.0,26.0,613.0,127.2430668841762,2.0,10.0,4.0,0.0,10.0,276.0,0.0,3.0,2.0,0.0,0.0,27.6,213.0,129.5774647887324
233,CJA Amini,69,4,78,88.46153846153847,1,23.0,0,1,0,0,0.0,0.0,0.0,0.0,0.0,0.0,0.0,0.0,0.0,0.0,4.0,69.0,1.0,23.0,78.0,88.46153846153847,0.0,1.0,0.0,0.0,4.0,69.0,0.0,1.0,0.0,0.0,1.0,23.0,78.0,88.46153846153847
234,KD Shah,75,10,94,79.78723404255321,3,10.714285714285714,3,0,0,0,1.0,7.0,0.0,7.0,16.0,43.75,0.0,0.0,0.0,0.0,9.0,68.0,3.0,11.333333333333336,78.0,87.1794871794872,3.0,0.0,0.0,0.0,10.0,75.0,3.0,0.0,0.0,0.0,3.0,10.714285714285714,94.0,79.78723404255321
235,N Dickwella,252,13,192,131.25,0,19.384615384615387,0,2,1,0,2.0,20.0,0.0,10.0,21.0,95.23809523809523,0.0,0.0,0.0,0.0,11.0,232.0,0.0,21.09090909090909,171.0,135.67251461988303,0.0,2.0,1.0,0.0,10.0,204.0,0.0,1.0,1.0,0.0,0.0,20.4,168.0,121.42857142857143
236,JA Richardson,6,2,3,200.0,1,6.0,1,0,0,0,1.0,0.0,0.0,0.0,1.0,0.0,1.0,0.0,0.0,0.0,1.0,6.0,1.0,0.0,2.0,300.0,0.0,0.0,0.0,0.0,2.0,6.0,1.0,0.0,0.0,0.0,1.0,6.0,3.0,200.0
237,JOA Gordon,2,1,4,50.0,1,inf,0,0,0,0,0.0,0.0,0.0,0.0,0.0,0.0,0.0,0.0,0.0,0.0,1.0,2.0,1.0,0.0,4.0,50.0,0.0,0.0,0.0,0.0,1.0,2.0,0.0,0.0,0.0,0.0,1.0,0.0,4.0,50.0
238,CJ Chibhabha,541,27,486,111.31687242798355,0,20.037037037037038,3,1,5,0,18.0,365.0,0.0,20.277777777777782,342.0,106.72514619883042,3.0,1.0,3.0,0.0,9.0,176.0,0.0,19.555555555555557,144.0,122.22222222222223,0.0,0.0,2.0,0.0,10.0,131.0,2.0,0.0,1.0,0.0,0.0,13.1,131.0,100.0
239,Mohammad Saifuddin,94,6,94,100.0,1,18.8,0,1,0,0,3.0,26.0,0.0,8.666666666666666,32.0,81.25,0.0,0.0,0.0,0.0,3.0,68.0,1.0,34.0,62.0,109.67741935483869,0.0,1.0,0.0,0.0,6.0,94.0,0.0,1.0,0.0,0.0,1.0,18.8,94.0,100.0
240,NLTC Perera,1077,65,726,148.34710743801654,22,25.046511627906977,8,9,3,0,27.0,367.0,9.0,20.38888888888889,253.0,145.0592885375494,5.0,1.0,2.0,0.0,38.0,710.0,13.0,28.4,473.0,150.10570824524314,3.0,8.0,1.0,0.0,10.0,294.0,2.0,2.0,3.0,0.0,2.0,36.75,170.0,172.94117647058826
241,Khawar Ali,212,12,241,87.9668049792531,1,19.27272727272728,0,2,0,0,0.0,0.0,0.0,0.0,0.0,0.0,0.0,0.0,0.0,0.0,12.0,212.0,1.0,19.272727272727273,241.0,87.9668049792531,0.0,2.0,0.0,0.0,10.0,187.0,0.0,2.0,0.0,0.0,0.0,18.7,207.0,90.33816425120771
242,KA Pollard,788,50,641,122.9329173166927,9,19.219512195121947,1,4,2,0,19.0,312.0,3.0,19.5,249.0,125.30120481927709,1.0,2.0,1.0,0.0,31.0,476.0,6.0,19.04,392.0,121.42857142857143,0.0,2.0,1.0,0.0,10.0,102.0,0.0,0.0,0.0,0.0,1.0,11.333333333333336,139.0,73.38129496402878
243,CH Gayle,1607,52,1198,134.14023372287144,5,34.191489361702125,3,6,13,2,12.0,267.0,0.0,22.25,227.0,117.62114537444936,1.0,2.0,1.0,0.0,40.0,1340.0,5.0,38.285714285714285,971.0,138.0020597322348,2.0,4.0,12.0,2.0,10.0,291.0,1.0,1.0,1.0,1.0,1.0,32.333333333333336,187.0,155.6149732620321
244,NM Coulter-Nile,146,14,114,128.0701754385965,4,14.6,3,1,0,0,3.0,33.0,2.0,33.0,21.0,157.14285714285714,0.0,0.0,0.0,0.0,11.0,113.0,2.0,12.555555555555555,93.0,121.50537634408602,3.0,1.0,0.0,0.0,10.0,105.0,2.0,1.0,0.0,0.0,2.0,13.125,82.0,128.04878048780492
245,GSNFG Jayasuriya,157,10,146,107.53424657534245,0,15.7,0,3,0,0,3.0,106.0,0.0,35.333333333333336,89.0,119.1011235955056,0.0,3.0,0.0,0.0,7.0,51.0,0.0,7.2857142857142865,57.0,89.47368421052632,0.0,0.0,0.0,0.0,10.0,157.0,0.0,3.0,0.0,0.0,0.0,15.7,146.0,107.53424657534245
246,MS Chapman,453,22,406,111.57635467980295,2,22.65,0,5,1,0,5.0,85.0,1.0,21.25,77.0,110.38961038961041,0.0,1.0,0.0,0.0,17.0,368.0,1.0,23.0,329.0,111.85410334346504,0.0,4.0,1.0,0.0,10.0,181.0,0.0,2.0,0.0,0.0,1.0,20.11111111111111,165.0,109.6969696969697
247,TG Southee,132,20,97,136.08247422680412,5,8.8,4,0,0,0,8.0,50.0,3.0,10.0,31.0,161.29032258064515,2.0,0.0,0.0,0.0,12.0,82.0,2.0,8.2,66.0,124.24242424242424,2.0,0.0,0.0,0.0,10.0,80.0,2.0,0.0,0.0,0.0,3.0,11.428571428571427,41.0,195.12195121951217
248,GL Cloete,2,1,3,66.66666666666667,0,2.0,0,0,0,0,1.0,2.0,0.0,2.0,3.0,66.66666666666667,0.0,0.0,0.0,0.0,0.0,0.0,0.0,0.0,0.0,0.0,0.0,0.0,0.0,0.0,1.0,2.0,0.0,0.0,0.0,0.0,0.0,2.0,3.0,66.66666666666667
249,C Munro,1277,44,808,158.04455445544554,7,34.513513513513516,4,5,8,3,22.0,756.0,3.0,39.78947368421053,423.0,178.72340425531914,3.0,2.0,6.0,2.0,22.0,521.0,4.0,28.944444444444446,385.0,135.32467532467533,1.0,3.0,2.0,1.0,10.0,330.0,0.0,2.0,3.0,0.0,1.0,36.66666666666666,206.0,160.19417475728156
250,Hasan Ali,49,7,30,163.33333333333334,3,12.25,3,0,0,0,0.0,0.0,0.0,0.0,0.0,0.0,0.0,0.0,0.0,0.0,7.0,49.0,3.0,12.25,30.0,163.33333333333334,3.0,0.0,0.0,0.0,7.0,49.0,3.0,0.0,0.0,0.0,3.0,12.25,30.0,163.33333333333334
251,Ghulam Shabber,58,6,52,111.53846153846152,3,19.33333333333333,0,0,0,0,6.0,58.0,3.0,19.33333333333333,52.0,111.53846153846152,0.0,0.0,0.0,0.0,0.0,0.0,0.0,0.0,0.0,0.0,0.0,0.0,0.0,0.0,6.0,58.0,0.0,0.0,0.0,0.0,3.0,19.33333333333333,52.0,111.53846153846152
252,TS Chisoro,40,6,43,93.02325581395347,3,13.333333333333336,0,0,0,0,2.0,7.0,0.0,3.5,9.0,77.77777777777777,0.0,0.0,0.0,0.0,4.0,33.0,3.0,33.0,34.0,97.05882352941177,0.0,0.0,0.0,0.0,6.0,40.0,0.0,0.0,0.0,0.0,3.0,13.333333333333336,43.0,93.02325581395347
253,AD Russell,465,38,344,135.17441860465115,13,18.6,6,3,0,0,10.0,99.0,3.0,14.142857142857142,88.0,112.5,3.0,1.0,0.0,0.0,28.0,366.0,10.0,20.33333333333333,256.0,142.96875,3.0,2.0,0.0,0.0,10.0,210.0,0.0,3.0,0.0,0.0,3.0,30.0,134.0,156.71641791044775
254,D Bishoo,6,2,7,85.71428571428571,1,6.0,1,0,0,0,0.0,0.0,0.0,0.0,0.0,0.0,0.0,0.0,0.0,0.0,2.0,6.0,1.0,6.0,7.0,85.71428571428571,1.0,0.0,0.0,0.0,2.0,6.0,1.0,0.0,0.0,0.0,1.0,6.0,7.0,85.71428571428571
255,LD Chandimal,800,47,780,102.56410256410255,4,18.6046511627907,0,5,4,0,17.0,267.0,2.0,17.8,255.0,104.70588235294115,0.0,2.0,1.0,0.0,30.0,533.0,2.0,19.035714285714285,525.0,101.5238095238095,0.0,3.0,3.0,0.0,10.0,175.0,0.0,1.0,1.0,0.0,3.0,25.0,159.0,110.062893081761
256,EJG Morgan,1734,74,1352,128.25443786982248,16,29.896551724137932,3,14,9,0,23.0,470.0,4.0,24.73684210526316,353.0,133.14447592067992,1.0,4.0,2.0,0.0,51.0,1264.0,12.0,32.41025641025641,999.0,126.52652652652651,2.0,10.0,7.0,0.0,10.0,206.0,0.0,1.0,1.0,0.0,1.0,22.88888888888889,150.0,137.33333333333334
257,V Kohli,2167,60,1637,132.37629810629198,17,50.3953488372093,2,10,19,0,22.0,704.0,6.0,44.0,496.0,141.93548387096774,1.0,2.0,5.0,0.0,38.0,1463.0,11.0,54.185185185185176,1141.0,128.2208588957055,1.0,8.0,14.0,0.0,10.0,224.0,1.0,2.0,1.0,0.0,2.0,28.0,185.0,121.08108108108108
258,AK Perera,4,1,9,44.444444444444436,0,4.0,0,0,0,0,0.0,0.0,0.0,0.0,0.0,0.0,0.0,0.0,0.0,0.0,1.0,4.0,0.0,4.0,9.0,44.444444444444436,0.0,0.0,0.0,0.0,1.0,4.0,0.0,0.0,0.0,0.0,0.0,4.0,9.0,44.444444444444436
259,FH Edwards,10,4,9,111.11111111111113,3,10.0,1,0,0,0,1.0,0.0,0.0,0.0,1.0,0.0,1.0,0.0,0.0,0.0,3.0,10.0,3.0,0.0,8.0,125.0,0.0,0.0,0.0,0.0,4.0,10.0,1.0,0.0,0.0,0.0,3.0,10.0,9.0,111.11111111111113
260,NR Kumar,97,6,101,96.03960396039604,0,16.166666666666668,0,1,0,0,0.0,0.0,0.0,0.0,0.0,0.0,0.0,0.0,0.0,0.0,6.0,97.0,0.0,16.166666666666668,101.0,96.03960396039604,0.0,1.0,0.0,0.0,6.0,97.0,0.0,1.0,0.0,0.0,0.0,16.166666666666668,101.0,96.03960396039604
261,Mosaddek Hossain,99,7,99,100.0,1,16.5,1,1,0,0,1.0,15.0,0.0,15.0,20.0,75.0,0.0,0.0,0.0,0.0,6.0,84.0,1.0,16.8,79.0,106.32911392405063,1.0,1.0,0.0,0.0,7.0,99.0,1.0,1.0,0.0,0.0,1.0,16.5,99.0,100.0
262,Tamim Iqbal,1548,71,1365,113.4065934065934,11,25.8,4,10,6,1,25.0,428.0,2.0,18.608695652173914,407.0,105.15970515970517,1.0,3.0,1.0,0.0,46.0,1120.0,9.0,30.27027027027027,958.0,116.91022964509395,3.0,7.0,5.0,1.0,10.0,188.0,1.0,1.0,1.0,0.0,1.0,20.88888888888889,167.0,112.5748502994012
263,Ehsan Khan,81,3,64,126.5625,2,81.0,0,1,0,0,0.0,0.0,0.0,0.0,0.0,0.0,0.0,0.0,0.0,0.0,3.0,81.0,2.0,81.0,64.0,126.5625,0.0,1.0,0.0,0.0,3.0,81.0,0.0,1.0,0.0,0.0,2.0,81.0,64.0,126.5625
264,KL Rahul,782,22,549,142.4408014571949,4,43.444444444444436,1,1,4,2,9.0,314.0,1.0,39.25,235.0,133.61702127659575,0.0,0.0,3.0,0.0,13.0,468.0,3.0,46.8,314.0,149.04458598726112,1.0,1.0,1.0,2.0,10.0,306.0,0.0,0.0,1.0,1.0,2.0,38.25,211.0,145.02369668246445
265,MD Gunathilaka,310,15,259,119.69111969111971,0,20.666666666666668,0,3,1,0,4.0,66.0,0.0,16.5,50.0,132.0,0.0,0.0,0.0,0.0,11.0,244.0,0.0,22.181818181818183,209.0,116.7464114832536,0.0,3.0,1.0,0.0,10.0,219.0,0.0,2.0,1.0,0.0,0.0,21.9,179.0,122.34636871508378
266,MP Stoinis,128,12,109,117.43119266055048,5,18.285714285714285,1,1,0,0,4.0,40.0,1.0,13.333333333333336,38.0,105.26315789473685,0.0,0.0,0.0,0.0,8.0,88.0,4.0,22.0,71.0,123.94366197183099,1.0,1.0,0.0,0.0,10.0,112.0,1.0,1.0,0.0,0.0,4.0,18.666666666666668,88.0,127.27272727272728
267,CS MacLeod,408,27,404,100.990099009901,6,19.428571428571427,3,3,2,0,2.0,37.0,0.0,18.5,43.0,86.046511627907,0.0,0.0,0.0,0.0,25.0,371.0,6.0,19.526315789473685,361.0,102.77008310249307,3.0,3.0,2.0,0.0,10.0,230.0,0.0,2.0,1.0,0.0,3.0,32.857142857142854,204.0,112.74509803921568
268,CR Ervine,229,15,294,77.89115646258503,3,19.08333333333333,1,4,0,0,8.0,97.0,2.0,16.166666666666668,129.0,75.1937984496124,1.0,2.0,0.0,0.0,7.0,132.0,1.0,22.0,165.0,80.0,0.0,2.0,0.0,0.0,10.0,117.0,1.0,1.0,0.0,0.0,3.0,16.714285714285715,152.0,76.97368421052632
269,DAJ Bracewell,77,9,58,132.75862068965515,5,19.25,2,0,0,0,2.0,0.0,0.0,0.0,3.0,0.0,2.0,0.0,0.0,0.0,7.0,77.0,5.0,38.5,55.0,140.0,0.0,0.0,0.0,0.0,9.0,77.0,2.0,0.0,0.0,0.0,5.0,19.25,58.0,132.75862068965515
270,KH Pandya,23,2,13,176.9230769230769,1,23.0,0,0,0,0,1.0,21.0,1.0,0.0,9.0,233.33333333333331,0.0,0.0,0.0,0.0,1.0,2.0,0.0,2.0,4.0,50.0,0.0,0.0,0.0,0.0,2.0,23.0,0.0,0.0,0.0,0.0,1.0,23.0,13.0,176.9230769230769
271,JDS Neesham,122,12,96,127.08333333333331,3,13.555555555555555,1,0,0,0,3.0,34.0,1.0,17.0,25.0,136.0,0.0,0.0,0.0,0.0,9.0,88.0,2.0,12.571428571428573,71.0,123.94366197183099,1.0,0.0,0.0,0.0,10.0,100.0,1.0,0.0,0.0,0.0,3.0,14.285714285714285,79.0,126.58227848101265
272,JM Vince,194,7,172,112.7906976744186,0,27.714285714285715,0,3,0,0,1.0,16.0,0.0,16.0,14.0,114.28571428571428,0.0,0.0,0.0,0.0,6.0,178.0,0.0,29.66666666666667,158.0,112.65822784810128,0.0,3.0,0.0,0.0,7.0,194.0,0.0,3.0,0.0,0.0,0.0,27.714285714285715,172.0,112.7906976744186
273,Mohammad Mithun,90,9,98,91.83673469387756,0,10.0,2,1,0,0,5.0,53.0,0.0,10.6,51.0,103.92156862745098,2.0,1.0,0.0,0.0,4.0,37.0,0.0,9.25,47.0,78.72340425531915,0.0,0.0,0.0,0.0,9.0,90.0,2.0,1.0,0.0,0.0,0.0,10.0,98.0,91.83673469387756
274,Aizaz Khan,174,17,173,100.57803468208091,7,17.4,2,1,0,0,1.0,20.0,0.0,20.0,19.0,105.26315789473685,0.0,0.0,0.0,0.0,16.0,154.0,7.0,17.11111111111111,154.0,100.0,2.0,1.0,0.0,0.0,10.0,97.0,1.0,0.0,0.0,0.0,4.0,16.166666666666668,96.0,101.04166666666669
275,Chirag Suri,13,1,20,65.0,0,13.0,0,0,0,0,1.0,13.0,0.0,13.0,20.0,65.0,0.0,0.0,0.0,0.0,0.0,0.0,0.0,0.0,0.0,0.0,0.0,0.0,0.0,0.0,1.0,13.0,0.0,0.0,0.0,0.0,0.0,13.0,20.0,65.0
276,Muhammad Usman,301,15,277,108.66425992779786,1,21.5,1,3,1,0,9.0,148.0,1.0,18.5,144.0,102.77777777777777,1.0,0.0,1.0,0.0,6.0,153.0,0.0,25.5,133.0,115.03759398496241,0.0,3.0,0.0,0.0,10.0,194.0,1.0,1.0,1.0,0.0,1.0,21.555555555555557,188.0,103.19148936170212
277,SS Cottrell,5,3,10,50.0,2,5.0,1,0,0,0,0.0,0.0,0.0,0.0,0.0,0.0,0.0,0.0,0.0,0.0,3.0,5.0,2.0,5.0,10.0,50.0,1.0,0.0,0.0,0.0,3.0,5.0,1.0,0.0,0.0,0.0,2.0,5.0,10.0,50.0
278,AD Mathews,1055,57,916,115.17467248908295,17,26.375,2,8,5,0,20.0,259.0,4.0,16.1875,248.0,104.43548387096773,1.0,3.0,0.0,0.0,37.0,796.0,13.0,33.166666666666664,668.0,119.16167664670658,1.0,5.0,5.0,0.0,10.0,211.0,1.0,0.0,2.0,0.0,3.0,30.142857142857146,201.0,104.97512437810946
279,SA Edwards,85,5,58,146.55172413793102,3,42.5,0,2,0,0,4.0,51.0,2.0,25.5,44.0,115.9090909090909,0.0,1.0,0.0,0.0,1.0,34.0,1.0,0.0,14.0,242.85714285714286,0.0,1.0,0.0,0.0,5.0,85.0,0.0,2.0,0.0,0.0,3.0,42.5,58.0,146.55172413793102
280,JM Bairstow,396,22,320,123.75,6,24.75,1,2,2,0,11.0,225.0,2.0,25.0,163.0,138.03680981595093,1.0,1.0,1.0,0.0,11.0,171.0,4.0,24.42857142857143,157.0,108.91719745222929,0.0,1.0,1.0,0.0,10.0,248.0,1.0,2.0,1.0,0.0,2.0,31.0,171.0,145.02923976608187
281,Umar Akmal,1690,77,1403,120.45616535994301,16,27.70491803278689,8,15,8,0,2.0,34.0,0.0,17.0,24.0,141.66666666666666,0.0,1.0,0.0,0.0,75.0,1656.0,16.0,28.067796610169488,1379.0,120.08701957940536,8.0,14.0,8.0,0.0,10.0,189.0,1.0,2.0,1.0,0.0,2.0,23.625,178.0,106.17977528089888
282,Imran Tahir,18,3,18,100.0,2,18.0,0,0,0,0,1.0,1.0,0.0,1.0,7.0,14.285714285714285,0.0,0.0,0.0,0.0,2.0,17.0,2.0,0.0,11.0,154.54545454545453,0.0,0.0,0.0,0.0,3.0,18.0,0.0,0.0,0.0,0.0,2.0,18.0,18.0,100.0
283,Haris Sohail,90,8,90,100.0,2,15.0,1,1,0,0,0.0,0.0,0.0,0.0,0.0,0.0,0.0,0.0,0.0,0.0,8.0,90.0,2.0,15.0,90.0,100.0,1.0,1.0,0.0,0.0,8.0,90.0,1.0,1.0,0.0,0.0,2.0,15.0,90.0,100.0
284,AU Rashid,47,12,59,79.66101694915254,5,6.7142857142857135,0,0,0,0,4.0,21.0,2.0,10.5,27.0,77.77777777777777,0.0,0.0,0.0,0.0,8.0,26.0,3.0,5.2,32.0,81.25,0.0,0.0,0.0,0.0,10.0,37.0,0.0,0.0,0.0,0.0,4.0,6.166666666666668,38.0,97.36842105263158
285,Aamir Kaleem,150,9,138,108.69565217391305,2,21.428571428571427,2,2,0,0,0.0,0.0,0.0,0.0,0.0,0.0,0.0,0.0,0.0,0.0,9.0,150.0,2.0,21.428571428571427,138.0,108.69565217391305,2.0,2.0,0.0,0.0,9.0,150.0,2.0,2.0,0.0,0.0,2.0,21.428571428571427,138.0,108.69565217391305
286,MK Pandey,538,22,452,119.02654867256638,9,41.384615384615394,2,6,2,0,9.0,144.0,3.0,24.0,131.0,109.92366412213741,0.0,3.0,0.0,0.0,13.0,394.0,6.0,56.28571428571429,321.0,122.74143302180686,2.0,3.0,2.0,0.0,10.0,299.0,0.0,2.0,1.0,0.0,6.0,74.75,254.0,117.71653543307085
287,Shadab Khan,86,8,70,122.85714285714286,3,17.2,1,0,0,0,0.0,0.0,0.0,0.0,0.0,0.0,0.0,0.0,0.0,0.0,8.0,86.0,3.0,17.2,70.0,122.85714285714286,1.0,0.0,0.0,0.0,8.0,86.0,1.0,0.0,0.0,0.0,3.0,17.2,70.0,122.85714285714286
288,N Madziva,60,7,51,117.64705882352942,4,20.0,1,0,0,0,4.0,31.0,3.0,31.0,24.0,129.16666666666666,0.0,0.0,0.0,0.0,3.0,29.0,1.0,14.5,27.0,107.4074074074074,1.0,0.0,0.0,0.0,7.0,60.0,1.0,0.0,0.0,0.0,4.0,20.0,51.0,117.64705882352942
289,Najibullah Zadran,709,37,509,139.2927308447937,17,35.45,1,8,2,0,0.0,0.0,0.0,0.0,0.0,0.0,0.0,0.0,0.0,0.0,37.0,709.0,17.0,35.45,509.0,139.2927308447937,1.0,8.0,2.0,0.0,10.0,99.0,1.0,0.0,0.0,0.0,3.0,14.142857142857142,92.0,107.6086956521739
290,PR Stirling,1096,45,809,135.4758961681088,4,26.731707317073173,6,5,8,0,9.0,116.0,0.0,12.888888888888891,105.0,110.4761904761905,1.0,1.0,0.0,0.0,36.0,980.0,4.0,30.625,704.0,139.20454545454547,5.0,4.0,8.0,0.0,10.0,289.0,1.0,2.0,2.0,0.0,0.0,28.9,177.0,163.2768361581921
291,Nizakat Khan,351,20,300,117.0,0,17.55,3,0,2,0,1.0,17.0,0.0,17.0,23.0,73.91304347826087,0.0,0.0,0.0,0.0,19.0,334.0,0.0,17.57894736842105,277.0,120.57761732851984,3.0,0.0,2.0,0.0,10.0,198.0,2.0,0.0,2.0,0.0,0.0,19.8,145.0,136.55172413793105
292,Ahmed Shehzad,1454,57,1297,112.10485736314571,3,26.92592592592593,2,11,7,1,5.0,244.0,1.0,61.0,183.0,133.33333333333334,0.0,2.0,2.0,0.0,52.0,1210.0,2.0,24.2,1114.0,108.61759425493716,2.0,9.0,5.0,1.0,10.0,374.0,0.0,3.0,2.0,0.0,1.0,41.555555555555564,322.0,116.14906832298136
293,AJ Turner,26,3,21,123.8095238095238,0,8.666666666666666,0,0,0,0,3.0,26.0,0.0,8.666666666666666,21.0,123.8095238095238,0.0,0.0,0.0,0.0,0.0,0.0,0.0,0.0,0.0,0.0,0.0,0.0,0.0,0.0,3.0,26.0,0.0,0.0,0.0,0.0,0.0,8.666666666666666,21.0,123.8095238095238
294,W Barresi,734,33,634,115.77287066246056,7,28.23076923076923,3,5,4,0,6.0,97.0,1.0,19.4,92.0,105.43478260869566,1.0,0.0,1.0,0.0,27.0,637.0,6.0,30.33333333333333,542.0,117.52767527675276,2.0,5.0,3.0,0.0,10.0,242.0,0.0,3.0,1.0,0.0,2.0,30.25,233.0,103.86266094420601
295,AL Phehlukwayo,46,7,46,100.0,3,11.5,3,0,0,0,3.0,17.0,1.0,8.5,18.0,94.44444444444444,1.0,0.0,0.0,0.0,4.0,29.0,2.0,14.5,28.0,103.57142857142857,2.0,0.0,0.0,0.0,7.0,46.0,3.0,0.0,0.0,0.0,3.0,11.5,46.0,100.0
296,Gulbadin Naib,414,29,360,115.0,8,19.714285714285715,2,3,1,0,0.0,0.0,0.0,0.0,0.0,0.0,0.0,0.0,0.0,0.0,29.0,414.0,8.0,19.714285714285715,360.0,115.0,2.0,3.0,1.0,0.0,10.0,80.0,1.0,0.0,0.0,0.0,3.0,11.428571428571427,88.0,90.9090909090909
297,Mohammad Nawaz (3),13,2,21,61.904761904761905,0,6.5,0,0,0,0,0.0,0.0,0.0,0.0,0.0,0.0,0.0,0.0,0.0,0.0,2.0,13.0,0.0,6.5,21.0,61.904761904761905,0.0,0.0,0.0,0.0,2.0,13.0,0.0,0.0,0.0,0.0,0.0,6.5,21.0,61.904761904761905
298,Sikander Zulfiqar,14,3,15,93.33333333333331,0,4.666666666666667,0,0,0,0,3.0,14.0,0.0,4.666666666666667,15.0,93.33333333333331,0.0,0.0,0.0,0.0,0.0,0.0,0.0,0.0,0.0,0.0,0.0,0.0,0.0,0.0,3.0,14.0,0.0,0.0,0.0,0.0,0.0,4.666666666666667,15.0,93.33333333333331
299,Shoaib Malik,2166,99,1784,121.41255605381167,32,32.328358208955216,2,22,7,0,9.0,248.0,3.0,41.333333333333336,136.0,182.35294117647058,0.0,4.0,1.0,0.0,90.0,1918.0,29.0,31.442622950819672,1648.0,116.38349514563109,2.0,18.0,6.0,0.0,10.0,201.0,0.0,2.0,0.0,0.0,5.0,40.2,150.0,134.0
300,MD Shanaka,329,26,308,106.8181818181818,6,16.45,6,2,1,0,8.0,67.0,2.0,11.166666666666664,78.0,85.8974358974359,3.0,0.0,0.0,0.0,18.0,262.0,4.0,18.714285714285715,230.0,113.91304347826087,3.0,2.0,1.0,0.0,10.0,162.0,2.0,2.0,0.0,0.0,4.0,27.0,142.0,114.08450704225352
301,AJ Finch,1663,50,1095,151.87214611872147,9,40.560975609756106,2,12,9,2,20.0,576.0,6.0,41.142857142857146,415.0,138.79518072289156,1.0,6.0,4.0,0.0,30.0,1087.0,3.0,40.25925925925926,680.0,159.85294117647058,1.0,6.0,5.0,2.0,10.0,117.0,2.0,1.0,0.0,0.0,0.0,11.7,112.0,104.46428571428572
302,MA Starc,12,5,20,60.0,3,6.0,0,0,0,0,0.0,0.0,0.0,0.0,0.0,0.0,0.0,0.0,0.0,0.0,5.0,12.0,3.0,6.0,20.0,60.0,0.0,0.0,0.0,0.0,5.0,12.0,0.0,0.0,0.0,0.0,3.0,6.0,20.0,60.0
303,IA Karim,32,5,49,65.3061224489796,0,6.4,2,0,0,0,0.0,0.0,0.0,0.0,0.0,0.0,0.0,0.0,0.0,0.0,5.0,32.0,0.0,6.4,49.0,65.3061224489796,2.0,0.0,0.0,0.0,5.0,32.0,2.0,0.0,0.0,0.0,0.0,6.4,49.0,65.3061224489796
304,N Pradeep,0,2,6,0.0,1,0.0,2,0,0,0,0.0,0.0,0.0,0.0,0.0,0.0,0.0,0.0,0.0,0.0,2.0,0.0,1.0,0.0,6.0,0.0,2.0,0.0,0.0,0.0,2.0,0.0,2.0,0.0,0.0,0.0,1.0,0.0,6.0,0.0
305,CD Wallace,28,5,31,90.32258064516131,3,14.0,1,0,0,0,0.0,0.0,0.0,0.0,0.0,0.0,0.0,0.0,0.0,0.0,5.0,28.0,3.0,14.0,31.0,90.32258064516131,1.0,0.0,0.0,0.0,5.0,28.0,1.0,0.0,0.0,0.0,3.0,14.0,31.0,90.32258064516131
306,KOK Williams,6,4,10,60.0,1,2.0,1,0,0,0,0.0,0.0,0.0,0.0,0.0,0.0,0.0,0.0,0.0,0.0,4.0,6.0,1.0,2.0,10.0,60.0,1.0,0.0,0.0,0.0,4.0,6.0,1.0,0.0,0.0,0.0,1.0,2.0,10.0,60.0
307,BR McDermott,72,8,77,93.50649350649351,3,14.4,2,1,0,0,3.0,36.0,1.0,18.0,38.0,94.73684210526315,1.0,1.0,0.0,0.0,5.0,36.0,2.0,12.0,39.0,92.30769230769229,1.0,0.0,0.0,0.0,8.0,72.0,2.0,1.0,0.0,0.0,3.0,14.4,77.0,93.50649350649351
308,MS Wade,239,17,223,107.17488789237669,5,19.916666666666668,0,1,1,0,5.0,144.0,2.0,48.0,107.0,134.57943925233644,0.0,1.0,1.0,0.0,12.0,95.0,3.0,10.555555555555557,116.0,81.89655172413794,0.0,0.0,0.0,0.0,10.0,95.0,0.0,0.0,0.0,0.0,4.0,15.833333333333336,94.0,101.06382978723404
309,PA van Meekeren,33,4,27,122.22222222222223,0,8.25,0,0,0,0,2.0,12.0,0.0,6.0,9.0,133.33333333333334,0.0,0.0,0.0,0.0,2.0,21.0,0.0,10.5,18.0,116.66666666666669,0.0,0.0,0.0,0.0,4.0,33.0,0.0,0.0,0.0,0.0,0.0,8.25,27.0,122.22222222222223
310,S Vesawkar,177,8,184,96.19565217391305,1,25.285714285714285,0,2,0,0,0.0,0.0,0.0,0.0,0.0,0.0,0.0,0.0,0.0,0.0,8.0,177.0,1.0,25.285714285714285,184.0,96.19565217391305,0.0,2.0,0.0,0.0,8.0,177.0,0.0,2.0,0.0,0.0,1.0,25.285714285714285,184.0,96.19565217391305
